BettingSite, Event Tab, League, Event, Market, Stats
Betano, Quarter markets, CFL, British Columbia Lions @ Winnipeg Blue Bombers, Quarter 1 Tie No Bet, Winnipeg Blue Bombers -154
Betano, Quarter markets, CFL, British Columbia Lions @ Winnipeg Blue Bombers, Quarter 1 Tie No Bet, British Columbia Lions +115
Betano, Quarter markets, CFL, British Columbia Lions @ Winnipeg Blue Bombers, Quarter 1 Points, Over5.5 -286
Betano, Quarter markets, CFL, British Columbia Lions @ Winnipeg Blue Bombers, Quarter 1 Points, Under2.5 +440
Betano, Quarter markets, CFL, British Columbia Lions @ Winnipeg Blue Bombers, Quarter 1 Points, Under5.5 +200
Betano, Quarter markets, CFL, British Columbia Lions @ Winnipeg Blue Bombers, Quarter 1 Points, Over8.5 -114
Betano, Quarter markets, CFL, British Columbia Lions @ Winnipeg Blue Bombers, Quarter 1 Points, Over11.5 +177
Betano, Quarter markets, CFL, British Columbia Lions @ Winnipeg Blue Bombers, Quarter 1 Points, Under11.5 -238
Betano, Quarter markets, CFL, British Columbia Lions @ Winnipeg Blue Bombers, Quarter 1 Points, Under8.5 -118
Betano, Quarter markets, CFL, British Columbia Lions @ Winnipeg Blue Bombers, Quarter 1 Points, Under14.5 -476
Betano, Quarter markets, CFL, British Columbia Lions @ Winnipeg Blue Bombers, Quarter 1 Spread, British Columbia Lions+6.5 -345
Betano, Quarter markets, CFL, British Columbia Lions @ Winnipeg Blue Bombers, Quarter 1 Spread, Winnipeg Blue Bombers-6.5 +240
Betano, Quarter markets, CFL, British Columbia Lions @ Winnipeg Blue Bombers, Quarter 1 Spread, British Columbia Lions+3.5 -222
Betano, Quarter markets, CFL, British Columbia Lions @ Winnipeg Blue Bombers, Quarter 1 Spread, Winnipeg Blue Bombers-3.5 +165
Betano, Quarter markets, CFL, British Columbia Lions @ Winnipeg Blue Bombers, Quarter 1 Spread, British Columbia Lions+0.5 -120
Betano, Quarter markets, CFL, British Columbia Lions @ Winnipeg Blue Bombers, Quarter 1 Spread, British Columbia Lions-2.5 +182
Betano, Quarter markets, CFL, British Columbia Lions @ Winnipeg Blue Bombers, Quarter 1 Spread, Winnipeg Blue Bombers+2.5 -250
Betano, Quarter markets, CFL, British Columbia Lions @ Winnipeg Blue Bombers, Quarter 1 Spread, British Columbia Lions-5.5 +335
Betano, Quarter markets, CFL, British Columbia Lions @ Winnipeg Blue Bombers, Quarter 1 Spread, Winnipeg Blue Bombers+5.5 -526
Betano, Quarter markets, CFL, British Columbia Lions @ Winnipeg Blue Bombers, Quarter 1 Points, Over2.5 -769
Betano, Quarter markets, CFL, Toronto Argonauts @ Calgary Stampeders, Quarter 1 Tie No Bet, Toronto Argonauts -175
Betano, Quarter markets, CFL, British Columbia Lions @ Winnipeg Blue Bombers, Quarter 1 Points, Over14.5 +305
Betano, Quarter markets, CFL, British Columbia Lions @ Winnipeg Blue Bombers, Quarter 1 Spread, Winnipeg Blue Bombers-0.5 -110
Betano, Quarter markets, CFL, Toronto Argonauts @ Calgary Stampeders, Quarter 1 Tie No Bet, Calgary Stampeders +130
Betano, Quarter markets, CFL, Toronto Argonauts @ Calgary Stampeders, Quarter 1 Points, Under6.5 +215
Betano, Quarter markets, CFL, Toronto Argonauts @ Calgary Stampeders, Quarter 1 Points, Over3.5 -476
Betano, Quarter markets, CFL, Toronto Argonauts @ Calgary Stampeders, Quarter 1 Points, Under3.5 +310
Betano, Quarter markets, CFL, Toronto Argonauts @ Calgary Stampeders, Quarter 1 Points, Over6.5 -303
Betano, Quarter markets, CFL, Toronto Argonauts @ Calgary Stampeders, Quarter 1 Points, Over12.5 +145
Betano, Quarter markets, CFL, Toronto Argonauts @ Calgary Stampeders, Quarter 1 Points, Under12.5 -192
Betano, Quarter markets, CFL, Toronto Argonauts @ Calgary Stampeders, Quarter 1 Points, Under9.5 +100
Betano, Quarter markets, CFL, Toronto Argonauts @ Calgary Stampeders, Quarter 1 Points, Over15.5 +265
Betano, Quarter markets, CFL, Toronto Argonauts @ Calgary Stampeders, Quarter 1 Spread, Toronto Argonauts+4.5 -526
Betano, Quarter markets, CFL, Toronto Argonauts @ Calgary Stampeders, Quarter 1 Spread, Calgary Stampeders-4.5 +330
Betano, Quarter markets, CFL, Toronto Argonauts @ Calgary Stampeders, Quarter 1 Spread, Toronto Argonauts+1.5 -238
Betano, Quarter markets, CFL, Toronto Argonauts @ Calgary Stampeders, Quarter 1 Spread, Calgary Stampeders-1.5 +175
Betano, Quarter markets, CFL, Toronto Argonauts @ Calgary Stampeders, Quarter 1 Spread, Toronto Argonauts-1.5 -110
Betano, Quarter markets, CFL, Toronto Argonauts @ Calgary Stampeders, Quarter 1 Spread, Toronto Argonauts-4.5 +170
Betano, Quarter markets, CFL, Toronto Argonauts @ Calgary Stampeders, Quarter 1 Spread, Calgary Stampeders+1.5 -120
Betano, Quarter markets, CFL, Toronto Argonauts @ Calgary Stampeders, Quarter 1 Spread, Calgary Stampeders+4.5 -238
Betano, Quarter markets, CFL, Toronto Argonauts @ Calgary Stampeders, Quarter 1 Spread, Toronto Argonauts-7.5 +325
Betano, Quarter markets, CFL, Toronto Argonauts @ Calgary Stampeders, Quarter 1 Spread, Calgary Stampeders+7.5 -500
Betano, Quarter markets, CFL, Toronto Argonauts @ Calgary Stampeders, Quarter 1 Points, Under15.5 -385
Betano, Quarter markets, CFL, Montreal Alouettes @ Hamilton Tiger-Cats, Quarter 1 Tie No Bet, Montreal Alouettes -118
Betano, Quarter markets, CFL, Toronto Argonauts @ Calgary Stampeders, Quarter 1 Points, Over9.5 -133
Betano, Quarter markets, CFL, Montreal Alouettes @ Hamilton Tiger-Cats, Quarter 1 Tie No Bet, Hamilton Tiger-Cats -114
Betano, Quarter markets, CFL, Montreal Alouettes @ Hamilton Tiger-Cats, Quarter 1 Points, Over5.5 -278
Betano, Quarter markets, CFL, Montreal Alouettes @ Hamilton Tiger-Cats, Quarter 1 Points, Under2.5 +430
Betano, Quarter markets, CFL, Montreal Alouettes @ Hamilton Tiger-Cats, Quarter 1 Points, Over8.5 -114
Betano, Quarter markets, CFL, Montreal Alouettes @ Hamilton Tiger-Cats, Quarter 1 Points, Under5.5 +200
Betano, Quarter markets, CFL, Montreal Alouettes @ Hamilton Tiger-Cats, Quarter 1 Points, Over11.5 +180
Betano, Quarter markets, CFL, Montreal Alouettes @ Hamilton Tiger-Cats, Quarter 1 Points, Under11.5 -250
Betano, Quarter markets, CFL, Montreal Alouettes @ Hamilton Tiger-Cats, Quarter 1 Points, Over2.5 -769
Betano, Quarter markets, CFL, Montreal Alouettes @ Hamilton Tiger-Cats, Quarter 1 Points, Under8.5 -118
Betano, Quarter markets, CFL, Montreal Alouettes @ Hamilton Tiger-Cats, Quarter 1 Points, Under14.5 -476
Betano, Quarter markets, CFL, Montreal Alouettes @ Hamilton Tiger-Cats, Quarter 1 Spread, Hamilton Tiger-Cats-5.5 +275
Betano, Quarter markets, CFL, Montreal Alouettes @ Hamilton Tiger-Cats, Quarter 1 Spread, Montreal Alouettes+2.5 -200
Betano, Quarter markets, CFL, Montreal Alouettes @ Hamilton Tiger-Cats, Quarter 1 Spread, Montreal Alouettes+5.5 -417
Betano, Quarter markets, CFL, Montreal Alouettes @ Hamilton Tiger-Cats, Quarter 1 Spread, Hamilton Tiger-Cats-2.5 +150
Betano, Quarter markets, CFL, Montreal Alouettes @ Hamilton Tiger-Cats, Quarter 1 Points, Over14.5 +310
Betano, Quarter markets, CFL, Montreal Alouettes @ Hamilton Tiger-Cats, Quarter 1 Spread, Montreal Alouettes-0.5 +115
Betano, Quarter markets, CFL, Montreal Alouettes @ Hamilton Tiger-Cats, Quarter 1 Spread, Hamilton Tiger-Cats+0.5 -154
Betano, Quarter markets, CFL, Montreal Alouettes @ Hamilton Tiger-Cats, Quarter 1 Spread, Montreal Alouettes-6.5 +300
Betano, Quarter markets, CFL, Montreal Alouettes @ Hamilton Tiger-Cats, Quarter 1 Spread, Hamilton Tiger-Cats+3.5 -286
Betano, Quarter markets, CFL, Montreal Alouettes @ Hamilton Tiger-Cats, Quarter 1 Spread, Montreal Alouettes-3.5 +205
Betano, Quarter markets, CFL, Montreal Alouettes @ Hamilton Tiger-Cats, Quarter 1 Spread, Hamilton Tiger-Cats+6.5 -455
Betano, Quarter markets, CFL, Ottawa Redblacks @ Saskatchewan Roughriders, Quarter 1 Points, Over1.5 -769
Betano, Quarter markets, CFL, Ottawa Redblacks @ Saskatchewan Roughriders, Quarter 1 Tie No Bet, Ottawa Redblacks -120
Betano, Quarter markets, CFL, Ottawa Redblacks @ Saskatchewan Roughriders, Quarter 1 Points, Under1.5 +440
Betano, Quarter markets, CFL, Ottawa Redblacks @ Saskatchewan Roughriders, Quarter 1 Tie No Bet, Saskatchewan Roughriders -110
Betano, Quarter markets, CFL, Ottawa Redblacks @ Saskatchewan Roughriders, Quarter 1 Points, Over7.5 -120
Betano, Quarter markets, CFL, Ottawa Redblacks @ Saskatchewan Roughriders, Quarter 1 Points, Under4.5 +200
Betano, Quarter markets, CFL, Ottawa Redblacks @ Saskatchewan Roughriders, Quarter 1 Points, Under10.5 -227
Betano, Quarter markets, CFL, Ottawa Redblacks @ Saskatchewan Roughriders, Quarter 1 Points, Over10.5 +167
Betano, Quarter markets, CFL, Ottawa Redblacks @ Saskatchewan Roughriders, Quarter 1 Points, Under13.5 -357
Betano, Quarter markets, CFL, Ottawa Redblacks @ Saskatchewan Roughriders, Quarter 1 Spread, Ottawa Redblacks+5.5 -417
Betano, Quarter markets, CFL, Ottawa Redblacks @ Saskatchewan Roughriders, Quarter 1 Spread, Saskatchewan Roughriders-5.5 +285
Betano, Quarter markets, CFL, Ottawa Redblacks @ Saskatchewan Roughriders, Quarter 1 Points, Under7.5 -110
Betano, Quarter markets, CFL, Ottawa Redblacks @ Saskatchewan Roughriders, Quarter 1 Spread, Ottawa Redblacks+2.5 -213
Betano, Quarter markets, CFL, Ottawa Redblacks @ Saskatchewan Roughriders, Quarter 1 Points, Over13.5 +245
Betano, Quarter markets, CFL, Ottawa Redblacks @ Saskatchewan Roughriders, Quarter 1 Spread, Ottawa Redblacks-0.5 +115
Betano, Quarter markets, CFL, Ottawa Redblacks @ Saskatchewan Roughriders, Quarter 1 Points, Over4.5 -278
Betano, Quarter markets, CFL, Ottawa Redblacks @ Saskatchewan Roughriders, Quarter 1 Spread, Saskatchewan Roughriders-2.5 +155
Betano, Quarter markets, CFL, Ottawa Redblacks @ Saskatchewan Roughriders, Quarter 1 Spread, Saskatchewan Roughriders+3.5 -286
Betano, Quarter markets, CFL, Ottawa Redblacks @ Saskatchewan Roughriders, Quarter 1 Spread, Saskatchewan Roughriders+6.5 -455
Betano, Quarter markets, CFL, Ottawa Redblacks @ Saskatchewan Roughriders, Quarter 1 Spread, Saskatchewan Roughriders+0.5 -154
Betano, Quarter markets, CFL, Ottawa Redblacks @ Saskatchewan Roughriders, Quarter 1 Spread, Ottawa Redblacks-6.5 +300
Betano, Quarter markets, CFL, Ottawa Redblacks @ Saskatchewan Roughriders, Quarter 1 Spread, Ottawa Redblacks-3.5 +205
