Betano, Set Markets, Hamburg, Bernabe Zapata Miralles - Andrey Rublev, Set Winner (Set 1), Bernabe Zapata Miralles, +310, Andrey Rublev, -476
Betano, Set Markets, Hamburg, Bernabe Zapata Miralles - Andrey Rublev, Set Winner (Set 2), Bernabe Zapata Miralles, +310, Andrey Rublev, -476
Betano, Set Markets, Hamburg, Bernabe Zapata Miralles - Andrey Rublev, Set Betting, 2 - 1, +900, 2 - 0, +1200
Betano, Set Markets, Hamburg, Bernabe Zapata Miralles - Andrey Rublev, Set Betting, 0 - 2, -227, 1 - 2, +300
Betano, Set Markets, Hamburg, Bernabe Zapata Miralles - Andrey Rublev, Number of Sets, 2, -286, 3, +205
Betano, Set Markets, Hamburg, Bernabe Zapata Miralles - Andrey Rublev, Setcast, Andrey Rublev - Andrey Rublev, -227, Andrey Rublev - Bernabe Zapata Miralles - Andrey Rublev, +610, Bernabe Zapata Miralles - Andrey Rublev - Andrey Rublev, +610, Bernabe Zapata Miralles - Bernabe Zapata Miralles, +1200, Andrey Rublev - Bernabe Zapata Miralles - Bernabe Zapata Miralles, +1650, Bernabe Zapata Miralles - Andrey Rublev - Bernabe Zapata Miralles, +1650
Betano, Set Markets, Hamburg, Bernabe Zapata Miralles - Andrey Rublev, Set Winner & Set Games (Set 2), Bernabe Zapata Miralles and Over8.5, +380, Bernabe Zapata Miralles and Under8.5, +2400, Andrey Rublev and Over8.5, -118, Andrey Rublev and Under8.5, +187
Betano, Set Markets, Hamburg, Bernabe Zapata Miralles - Andrey Rublev, Match Handicap (Set), Bernabe Zapata Miralles-1.5, +1200, Andrey Rublev+1.5, -2500, Bernabe Zapata Miralles+1.5, +160, Andrey Rublev-1.5, -227
Betano, Set Markets, Hamburg, Bernabe Zapata Miralles - Andrey Rublev, Set Winner & Set Games (Set 1), Bernabe Zapata Miralles and Over9.5, +600, Bernabe Zapata Miralles and Under9.5, +800, Andrey Rublev and Over9.5, +155, Andrey Rublev and Under9.5, +102
Betano, Set Markets, Hamburg, Bernabe Zapata Miralles - Andrey Rublev, Set Winner & Set Games (Set 2), Bernabe Zapata Miralles and Over9.5, +550, Bernabe Zapata Miralles and Under9.5, +900, Andrey Rublev and Over9.5, +172, Andrey Rublev and Under9.5, -108
Betano, Set Markets, Hamburg, Bernabe Zapata Miralles - Andrey Rublev, Set Winner & Set Games (Set 1), Bernabe Zapata Miralles and Over8.5, +380, Bernabe Zapata Miralles and Under8.5, +2400, Andrey Rublev and Over8.5, -118, Andrey Rublev and Under8.5, +187
Betano, Set Markets, Hamburg, Bernabe Zapata Miralles - Andrey Rublev, Game Spread  (Set 1), Bernabe Zapata Miralles+3.5, -263, Andrey Rublev-3.5, +190
Betano, Set Markets, Hamburg, Bernabe Zapata Miralles - Andrey Rublev, Game Spread  (Set 1), Bernabe Zapata Miralles+2.5, -139, Andrey Rublev-2.5, +105
Betano, Set Markets, Hamburg, Bernabe Zapata Miralles - Andrey Rublev, Set Total Games (Set 1), Over6.5, -4000, Under6.5, +875, Over7.5, -833, Under7.5, +430, Over8.5, -238, Under8.5, +165, Over9.5, +100, Under9.5, -139, Over10.5, +280, Under10.5, -455, Over12.5, +430, Under12.5, -833
Betano, Set Markets, Hamburg, Bernabe Zapata Miralles - Andrey Rublev, Game Spread  (Set 2), Bernabe Zapata Miralles+3.5, -263, Andrey Rublev-3.5, +190
Betano, Set Markets, Hamburg, Bernabe Zapata Miralles - Andrey Rublev, Set Total Games (Set 2), Over6.5, -4000, Under6.5, +875, Over7.5, -714, Under7.5, +400, Over8.5, -238, Under8.5, +165, Over9.5, +105, Under9.5, -143, Over10.5, +280, Under10.5, -455, Over12.5, +430, Under12.5, -833
Betano, Set Markets, Hamburg, Bernabe Zapata Miralles - Andrey Rublev, Game Spread  (Set 2), Bernabe Zapata Miralles+2.5, -125, Andrey Rublev-2.5, -105
Betano, Set Markets, Hamburg, Bernabe Zapata Miralles - Andrey Rublev, Set Games Odd/Even (Set 1), Odd, +107, Even, -154
Betano, Set Markets, Hamburg, Bernabe Zapata Miralles - Andrey Rublev, Set Score (Set 1), 6 - 3, +1200, 7 - 6, +1450, 6 - 4, +1550, 7 - 5, +2900, 6 - 2, +3900, 6 - 1, +5400, 6 - 0, +19900
Betano, Set Markets, Hamburg, Bernabe Zapata Miralles - Andrey Rublev, Set Score (Set 2), 6 - 4, +1300, 6 - 3, +1400, 7 - 6, +1450, 7 - 5, +2900, 6 - 2, +3600, 6 - 1, +6400, 6 - 0, +19900
Betano, Set Markets, Hamburg, Bernabe Zapata Miralles - Andrey Rublev, Set Score (Set 1), 4 - 6, +320, 2 - 6, +370, 3 - 6, +460, 1 - 6, +800, 6 - 7, +850, 5 - 7, +1200, 0 - 6, +2000
Betano, Set Markets, Hamburg, Bernabe Zapata Miralles - Andrey Rublev, 1st Set Correct Score (Multiple), 6-0, 6-1 or 6-2, +2600, 6-3 or 6-4, +680, 7-5 or 7-6, +1025, 0-6, 1-6 or 2-6, +195, 3-6 or 4-6, +152, 5-7 or 6-7, +480
Betano, Set Markets, Hamburg, Bernabe Zapata Miralles - Andrey Rublev, Bernabe Zapata Miralles Win a Set, Yes, +160, No, -227
Betano, Set Markets, Hamburg, Bernabe Zapata Miralles - Andrey Rublev, Set Score (Set 2), 4 - 6, +365, 3 - 6, +385, 2 - 6, +400, 1 - 6, +700, 6 - 7, +850, 5 - 7, +1200, 0 - 6, +2000
Betano, Set Markets, Hamburg, Bernabe Zapata Miralles - Andrey Rublev, Set Games Odd/Even (Set 2), Odd, -102, Even, -139
Betano, Set Markets, Hamburg, Bernabe Zapata Miralles - Andrey Rublev, Both Players to Win a Set, Yes, +205, No, -286
Betano, Set Markets, Hamburg, Bernabe Zapata Miralles - Andrey Rublev, Set to end 6:0 or 0:6, Yes, +680, No, -1667
Betano, Set Markets, Hamburg, Bernabe Zapata Miralles - Andrey Rublev, Andrey Rublev Win a Set, Yes, -2500, No, +1200
Betano, Set Markets, Hamburg, Laslo Djere - Guido Pella, Set Betting, 2 - 0, -108, 2 - 1, +275
Betano, Set Markets, Hamburg, Laslo Djere - Guido Pella, Set Winner (Set 2), Laslo Djere, -238, Guido Pella, +172
Betano, Set Markets, Hamburg, Laslo Djere - Guido Pella, Set Betting, 1 - 2, +480, 0 - 2, +510
Betano, Set Markets, Hamburg, Laslo Djere - Guido Pella, Setcast, Laslo Djere - Laslo Djere, -108, Guido Pella - Guido Pella, +510, Guido Pella - Laslo Djere - Laslo Djere, +590, Laslo Djere - Guido Pella - Laslo Djere, +590, Guido Pella - Laslo Djere - Guido Pella, +950, Laslo Djere - Guido Pella - Guido Pella, +950
Betano, Set Markets, Hamburg, Laslo Djere - Guido Pella, Number of Sets, 2, -189, 3, +140
Betano, Set Markets, Hamburg, Laslo Djere - Guido Pella, Set Winner (Set 1), Laslo Djere, -238, Guido Pella, +172
Betano, Set Markets, Hamburg, Laslo Djere - Guido Pella, Set Winner & Set Games (Set 1), Laslo Djere and Over8.5, +107, Laslo Djere and Under8.5, +275, Guido Pella and Over8.5, +235, Guido Pella and Under8.5, +1025
Betano, Set Markets, Hamburg, Laslo Djere - Guido Pella, Set Winner & Set Games (Set 1), Laslo Djere and Over9.5, +187, Laslo Djere and Under9.5, +150, Guido Pella and Over9.5, +390, Guido Pella and Under9.5, +430
Betano, Set Markets, Hamburg, Laslo Djere - Guido Pella, Set Winner & Set Games (Set 2), Laslo Djere and Over8.5, +107, Laslo Djere and Under8.5, +275, Guido Pella and Over8.5, +235, Guido Pella and Under8.5, +1025
Betano, Set Markets, Hamburg, Laslo Djere - Guido Pella, Game Spread  (Set 1), Laslo Djere-1.5, -167, Guido Pella+1.5, +125
Betano, Set Markets, Hamburg, Laslo Djere - Guido Pella, Set Winner & Set Games (Set 2), Laslo Djere and Over9.5, +200, Laslo Djere and Under9.5, +140, Guido Pella and Over9.5, +365, Guido Pella and Under9.5, +470
Betano, Set Markets, Hamburg, Laslo Djere - Guido Pella, Game Spread  (Set 1), Laslo Djere-2.5, +150, Guido Pella+2.5, -200
Betano, Set Markets, Hamburg, Laslo Djere - Guido Pella, Match Handicap (Set), Laslo Djere-1.5, -108, Guido Pella+1.5, -125, Laslo Djere+1.5, -769, Guido Pella-1.5, +510
Betano, Set Markets, Hamburg, Laslo Djere - Guido Pella, Game Spread  (Set 2), Laslo Djere-2.5, +140, Guido Pella+2.5, -189
Betano, Set Markets, Hamburg, Laslo Djere - Guido Pella, Set Total Games (Set 1), Over6.5, -5000, Under6.5, +900, Over7.5, -909, Under7.5, +450, Over8.5, -278, Under8.5, +190, Over9.5, -110, Under9.5, -125, Over10.5, +250, Under10.5, -385, Over12.5, +410, Under12.5, -769
Betano, Set Markets, Hamburg, Laslo Djere - Guido Pella, Set Total Games (Set 2), Over6.5, -5000, Under6.5, +900, Over7.5, -833, Under7.5, +440, Over8.5, -278, Under8.5, +190, Over9.5, -108, Under9.5, -128, Over10.5, +250, Under10.5, -385, Over12.5, +410, Under12.5, -769
Betano, Set Markets, Hamburg, Laslo Djere - Guido Pella, Game Spread  (Set 2), Laslo Djere-1.5, -167, Guido Pella+1.5, +125
Betano, Set Markets, Hamburg, Laslo Djere - Guido Pella, Set Score (Set 1), 6 - 4, +390, 6 - 2, +520, 6 - 3, +530, 7 - 6, +900, 6 - 1, +1025, 7 - 5, +1150, 6 - 0, +2700
Betano, Set Markets, Hamburg, Laslo Djere - Guido Pella, Set Score (Set 1), 3 - 6, +800, 4 - 6, +950, 6 - 7, +1200, 2 - 6, +1800, 5 - 7, +1850, 1 - 6, +2600, 0 - 6, +9900
Betano, Set Markets, Hamburg, Laslo Djere - Guido Pella, Set Games Odd/Even (Set 1), Odd, +102, Even, -143
Betano, Set Markets, Hamburg, Laslo Djere - Guido Pella, Set Score (Set 2), 6 - 4, +440, 6 - 3, +470, 6 - 2, +550, 7 - 6, +900, 6 - 1, +950, 7 - 5, +1150, 6 - 0, +2700
Betano, Set Markets, Hamburg, Laslo Djere - Guido Pella, Set Score (Set 2), 4 - 6, +825, 3 - 6, +925, 6 - 7, +1200, 2 - 6, +1650, 5 - 7, +1850, 1 - 6, +2900, 0 - 6, +9900
Betano, Set Markets, Hamburg, Laslo Djere - Guido Pella, 1st Set Correct Score (Multiple), 6-0, 6-1 or 6-2, +285, 6-3 or 6-4, +195, 7-5 or 7-6, +510, 0-6, 1-6 or 2-6, +1075, 3-6 or 4-6, +420, 5-7 or 6-7, +750
Betano, Set Markets, Hamburg, Laslo Djere - Guido Pella, Guido Pella Win a Set, Yes, -125, No, -108
Betano, Set Markets, Hamburg, Laslo Djere - Guido Pella, Set Games Odd/Even (Set 2), Odd, -102, Even, -139
Betano, Set Markets, Hamburg, Laslo Djere - Guido Pella, Laslo Djere Win a Set, Yes, -769, No, +510
Betano, Set Markets, Hamburg, Laslo Djere - Guido Pella, Both Players to Win a Set, Yes, +140, No, -189
Betano, Set Markets, Hamburg, Casper Ruud - Sebastian Baez, Set Winner (Set 1), Casper Ruud, -312, Sebastian Baez, +220
Betano, Set Markets, Hamburg, Casper Ruud - Sebastian Baez, Set Winner (Set 2), Casper Ruud, -312, Sebastian Baez, +220
Betano, Set Markets, Hamburg, Laslo Djere - Guido Pella, Set to end 6:0 or 0:6, Yes, +725, No, -2000
Betano, Set Markets, Hamburg, Casper Ruud - Sebastian Baez, Setcast, Casper Ruud - Casper Ruud, -143, Sebastian Baez - Casper Ruud - Casper Ruud, +590, Casper Ruud - Sebastian Baez - Casper Ruud, +590, Sebastian Baez - Sebastian Baez, +725, Sebastian Baez - Casper Ruud - Sebastian Baez, +1100, Casper Ruud - Sebastian Baez - Sebastian Baez, +1150
Betano, Set Markets, Hamburg, Casper Ruud - Sebastian Baez, Match Handicap (Set), Casper Ruud-1.5, -143, Sebastian Baez+1.5, +105, Casper Ruud+1.5, -1250, Sebastian Baez-1.5, +725
Betano, Set Markets, Hamburg, Casper Ruud - Sebastian Baez, Set Betting, 2 - 0, -143, 2 - 1, +280
Betano, Set Markets, Hamburg, Casper Ruud - Sebastian Baez, Set Winner & Set Games (Set 1), Casper Ruud and Over8.5, -102, Casper Ruud and Under8.5, +225, Sebastian Baez and Over8.5, +285, Sebastian Baez and Under8.5, +1350
Betano, Set Markets, Hamburg, Casper Ruud - Sebastian Baez, Set Winner & Set Games (Set 1), Casper Ruud and Over9.5, +245, Casper Ruud and Under9.5, -108, Sebastian Baez and Over9.5, +360, Sebastian Baez and Under9.5, +775
Betano, Set Markets, Hamburg, Casper Ruud - Sebastian Baez, Number of Sets, 2, -222, 3, +160
Betano, Set Markets, Hamburg, Casper Ruud - Sebastian Baez, Set Betting, 1 - 2, +600, 0 - 2, +725
Betano, Set Markets, Hamburg, Casper Ruud - Sebastian Baez, Set Winner & Set Games (Set 2), Casper Ruud and Over9.5, +195, Casper Ruud and Under9.5, +112, Sebastian Baez and Over9.5, +420, Sebastian Baez and Under9.5, +620
Betano, Set Markets, Hamburg, Casper Ruud - Sebastian Baez, Game Spread  (Set 2), Casper Ruud-2.5, +115, Sebastian Baez+2.5, -154
Betano, Set Markets, Hamburg, Casper Ruud - Sebastian Baez, Set Winner & Set Games (Set 2), Casper Ruud and Over8.5, -102, Casper Ruud and Under8.5, +225, Sebastian Baez and Over8.5, +285, Sebastian Baez and Under8.5, +1350
Betano, Set Markets, Hamburg, Casper Ruud - Sebastian Baez, Game Spread  (Set 1), Casper Ruud-2.5, -108, Sebastian Baez+2.5, -125
Betano, Set Markets, Hamburg, Casper Ruud - Sebastian Baez, Game Spread  (Set 1), Casper Ruud-1.5, -213, Sebastian Baez+1.5, +157
Betano, Set Markets, Hamburg, Casper Ruud - Sebastian Baez, Set Total Games (Set 1), Over6.5, -4000, Under6.5, +875, Over7.5, -625, Under7.5, +360, Over8.5, -256, Under8.5, +175, Over9.5, +112, Under9.5, -154, Over10.5, +265, Under10.5, -417, Over12.5, +430, Under12.5, -833
Betano, Set Markets, Hamburg, Casper Ruud - Sebastian Baez, Set Total Games (Set 2), Over6.5, -4000, Under6.5, +875, Over7.5, -769, Under7.5, +410, Over8.5, -256, Under8.5, +175, Over9.5, +100, Under9.5, -139, Over10.5, +265, Under10.5, -417, Over12.5, +430, Under12.5, -833
Betano, Set Markets, Hamburg, Casper Ruud - Sebastian Baez, Game Spread  (Set 2), Casper Ruud-1.5, -213, Sebastian Baez+1.5, +157
Betano, Set Markets, Hamburg, Casper Ruud - Sebastian Baez, Set Score (Set 1), 6 - 3, +305, 6 - 1, +590, 6 - 2, +600, 6 - 4, +640, 7 - 6, +900, 7 - 5, +1150, 6 - 0, +2200
Betano, Set Markets, Hamburg, Casper Ruud - Sebastian Baez, Set Games Odd/Even (Set 2), Odd, -102, Even, -139
Betano, Set Markets, Hamburg, Casper Ruud - Sebastian Baez, Set Score (Set 1), 4 - 6, +725, 6 - 7, +1300, 3 - 6, +1750, 2 - 6, +1850, 5 - 7, +2200, 1 - 6, +5900, 0 - 6, +11900
Betano, Set Markets, Hamburg, Casper Ruud - Sebastian Baez, Set Score (Set 2), 4 - 6, +950, 3 - 6, +1150, 6 - 7, +1350, 2 - 6, +2100, 5 - 7, +2200, 1 - 6, +3900, 0 - 6, +11900
Betano, Set Markets, Hamburg, Casper Ruud - Sebastian Baez, Set Games Odd/Even (Set 1), Odd, -125, Even, -111
Betano, Set Markets, Hamburg, Casper Ruud - Sebastian Baez, Set Score (Set 2), 6 - 3, +420, 6 - 4, +430, 6 - 2, +480, 6 - 1, +775, 7 - 6, +900, 7 - 5, +1150, 6 - 0, +2200
Betano, Set Markets, Hamburg, Casper Ruud - Sebastian Baez, 1st Set Correct Score (Multiple), 6-0, 6-1 or 6-2, +235, 6-3 or 6-4, +177, 7-5 or 7-6, +500, 0-6, 1-6 or 2-6, +1450, 3-6 or 4-6, +510, 5-7 or 6-7, +850
Betano, Set Markets, Hamburg, Casper Ruud - Sebastian Baez, Sebastian Baez Win a Set, Yes, +105, No, -143
Betano, Set Markets, Hamburg, Casper Ruud - Sebastian Baez, Both Players to Win a Set, Yes, +160, No, -222
Betano, Set Markets, Hamburg, Luca Van Assche - Alejandro Davidovich Fokina, Set Winner (Set 1), Luca Van Assche, +162, Alejandro Davidovich Fokina, -222
Betano, Set Markets, Hamburg, Casper Ruud - Sebastian Baez, Casper Ruud Win a Set, Yes, -1250, No, +725
Betano, Set Markets, Hamburg, Luca Van Assche - Alejandro Davidovich Fokina, Set Winner (Set 2), Luca Van Assche, +162, Alejandro Davidovich Fokina, -222
Betano, Set Markets, Hamburg, Luca Van Assche - Alejandro Davidovich Fokina, Set Betting, 0 - 2, +100, 1 - 2, +275
Betano, Set Markets, Hamburg, Casper Ruud - Sebastian Baez, Set to end 6:0 or 0:6, Yes, +680, No, -1667
Betano, Set Markets, Hamburg, Luca Van Assche - Alejandro Davidovich Fokina, Setcast, Alejandro Davidovich Fokina - Alejandro Davidovich Fokina, +100, Luca Van Assche - Luca Van Assche, +470, Alejandro Davidovich Fokina - Luca Van Assche - Alejandro Davidovich Fokina, +580, Luca Van Assche - Alejandro Davidovich Fokina - Alejandro Davidovich Fokina, +580, Alejandro Davidovich Fokina - Luca Van Assche - Luca Van Assche, +925, Luca Van Assche - Alejandro Davidovich Fokina - Luca Van Assche, +925
Betano, Set Markets, Hamburg, Luca Van Assche - Alejandro Davidovich Fokina, Set Betting, 2 - 1, +460, 2 - 0, +470
Betano, Set Markets, Hamburg, Luca Van Assche - Alejandro Davidovich Fokina, Match Handicap (Set), Luca Van Assche-1.5, +470, Alejandro Davidovich Fokina+1.5, -714, Luca Van Assche+1.5, -133, Alejandro Davidovich Fokina-1.5, +100
Betano, Set Markets, Hamburg, Luca Van Assche - Alejandro Davidovich Fokina, Set Winner & Set Games (Set 1), Luca Van Assche and Over8.5, +215, Luca Van Assche and Under8.5, +1100, Alejandro Davidovich Fokina and Over8.5, +100, Alejandro Davidovich Fokina and Under8.5, +325
Betano, Set Markets, Hamburg, Luca Van Assche - Alejandro Davidovich Fokina, Set Winner & Set Games (Set 2), Luca Van Assche and Over8.5, +215, Luca Van Assche and Under8.5, +1100, Alejandro Davidovich Fokina and Over8.5, +100, Alejandro Davidovich Fokina and Under8.5, +325
Betano, Set Markets, Hamburg, Luca Van Assche - Alejandro Davidovich Fokina, Set Winner & Set Games (Set 1), Luca Van Assche and Over9.5, +325, Luca Van Assche and Under9.5, +490, Alejandro Davidovich Fokina and Over9.5, +192, Alejandro Davidovich Fokina and Under9.5, +155
Betano, Set Markets, Hamburg, Luca Van Assche - Alejandro Davidovich Fokina, Set Winner & Set Games (Set 2), Luca Van Assche and Over9.5, +330, Luca Van Assche and Under9.5, +480, Alejandro Davidovich Fokina and Over9.5, +185, Alejandro Davidovich Fokina and Under9.5, +160
Betano, Set Markets, Hamburg, Luca Van Assche - Alejandro Davidovich Fokina, Number of Sets, 2, -182, 3, +135
Betano, Set Markets, Hamburg, Luca Van Assche - Alejandro Davidovich Fokina, Game Spread  (Set 1), Luca Van Assche+2.5, -213, Alejandro Davidovich Fokina-2.5, +155
Betano, Set Markets, Hamburg, Luca Van Assche - Alejandro Davidovich Fokina, Game Spread  (Set 2), Luca Van Assche+2.5, -213, Alejandro Davidovich Fokina-2.5, +157
Betano, Set Markets, Hamburg, Luca Van Assche - Alejandro Davidovich Fokina, Set Games Odd/Even (Set 1), Odd, -111, Even, -128
Betano, Set Markets, Hamburg, Luca Van Assche - Alejandro Davidovich Fokina, Game Spread  (Set 1), Luca Van Assche+1.5, +115, Alejandro Davidovich Fokina-1.5, -154
Betano, Set Markets, Hamburg, Luca Van Assche - Alejandro Davidovich Fokina, Set Score (Set 1), 6 - 4, +750, 6 - 3, +900, 7 - 6, +1025, 6 - 2, +1750, 7 - 5, +1850, 6 - 1, +3400, 6 - 0, +10900
Betano, Set Markets, Hamburg, Luca Van Assche - Alejandro Davidovich Fokina, Set Total Games (Set 1), Over6.5, -6667, Under6.5, +975, Over7.5, -1000, Under7.5, +500, Over8.5, -333, Under8.5, +225, Over9.5, -120, Under9.5, -115, Over10.5, +230, Under10.5, -345, Over12.5, +365, Under12.5, -625
Betano, Set Markets, Hamburg, Luca Van Assche - Alejandro Davidovich Fokina, Game Spread  (Set 2), Luca Van Assche+1.5, +115, Alejandro Davidovich Fokina-1.5, -154
Betano, Set Markets, Hamburg, Luca Van Assche - Alejandro Davidovich Fokina, Set Score (Set 2), 6 - 4, +775, 6 - 3, +875, 7 - 6, +1025, 6 - 2, +1750, 7 - 5, +1850, 6 - 1, +3400, 6 - 0, +10900
Betano, Set Markets, Hamburg, Luca Van Assche - Alejandro Davidovich Fokina, Set Score (Set 2), 4 - 6, +420, 3 - 6, +460, 2 - 6, +610, 6 - 7, +775, 1 - 6, +1100, 5 - 7, +1200, 0 - 6, +3600
Betano, Set Markets, Hamburg, Luca Van Assche - Alejandro Davidovich Fokina, 1st Set Correct Score (Multiple), 6-0, 6-1 or 6-2, +1150, 6-3 or 6-4, +400, 7-5 or 7-6, +680, 0-6, 1-6 or 2-6, +340, 3-6 or 4-6, +190, 5-7 or 6-7, +470
Betano, Set Markets, Hamburg, Luca Van Assche - Alejandro Davidovich Fokina, Luca Van Assche Win a Set, Yes, -133, No, +100
Betano, Set Markets, Hamburg, Luca Van Assche - Alejandro Davidovich Fokina, Set Games Odd/Even (Set 2), Odd, -108, Even, -133
Betano, Set Markets, Hamburg, Luca Van Assche - Alejandro Davidovich Fokina, Alejandro Davidovich Fokina Win a Set, Yes, -714, No, +470
Betano, Set Markets, Hamburg, Luca Van Assche - Alejandro Davidovich Fokina, Set Score (Set 1), 3 - 6, +440, 4 - 6, +450, 2 - 6, +630, 6 - 7, +775, 1 - 6, +1050, 5 - 7, +1200, 0 - 6, +3600
Betano, Set Markets, Hamburg, Luca Van Assche - Alejandro Davidovich Fokina, Set Total Games (Set 2), Over6.5, -6667, Under6.5, +975, Over7.5, -1111, Under7.5, +510, Over8.5, -333, Under8.5, +225, Over9.5, -122, Under9.5, -114, Over10.5, +230, Under10.5, -345, Over12.5, +365, Under12.5, -625
Betano, Set Markets, Hamburg, Luca Van Assche - Alejandro Davidovich Fokina, Set to end 6:0 or 0:6, Yes, +850, No, -2500
Betano, Set Markets, Hamburg, Luca Van Assche - Alejandro Davidovich Fokina, Both Players to Win a Set, Yes, +135, No, -182
Betano, Set Markets, Atlanta, Christopher Eubanks - Andres Martin, Set Winner (Set 1), Christopher Eubanks, -833, Andres Martin, +480
Betano, Set Markets, Atlanta, Christopher Eubanks - Andres Martin, Set Winner (Set 2), Christopher Eubanks, -833, Andres Martin, +480
Betano, Set Markets, Atlanta, Christopher Eubanks - Andres Martin, Setcast, Christopher Eubanks - Christopher Eubanks, -417, Andres Martin - Christopher Eubanks - Christopher Eubanks, +700, Christopher Eubanks - Andres Martin - Christopher Eubanks, +700, Andres Martin - Andres Martin, +2500, Andres Martin - Christopher Eubanks - Andres Martin, +2800, Christopher Eubanks - Andres Martin - Andres Martin, +2800
Betano, Set Markets, Atlanta, Christopher Eubanks - Andres Martin, Set Betting, 2 - 0, -417, 2 - 1, +360
Betano, Set Markets, Atlanta, Christopher Eubanks - Andres Martin, Set Betting, 1 - 2, +1650, 0 - 2, +2500
Betano, Set Markets, Atlanta, Christopher Eubanks - Andres Martin, Set Winner & Set Games (Set 1), Christopher Eubanks and Over9.5, +125, Christopher Eubanks and Under9.5, -111, Andres Martin and Over9.5, +650, Andres Martin and Under9.5, +2800
Betano, Set Markets, Atlanta, Christopher Eubanks - Andres Martin, Set Winner & Set Games (Set 1), Christopher Eubanks and Over8.5, -222, Christopher Eubanks and Under8.5, +255, Andres Martin and Over8.5, +520, Andres Martin and Under8.5, +11900
Betano, Set Markets, Atlanta, Christopher Eubanks - Andres Martin, Set Winner & Set Games (Set 2), Christopher Eubanks and Over8.5, -222, Christopher Eubanks and Under8.5, +255, Andres Martin and Over8.5, +520, Andres Martin and Under8.5, +11900
Betano, Set Markets, Atlanta, Christopher Eubanks - Andres Martin, Set Winner & Set Games (Set 2), Christopher Eubanks and Over9.5, -105, Christopher Eubanks and Under9.5, +120, Andres Martin and Over9.5, +725, Andres Martin and Under9.5, +2000
Betano, Set Markets, Atlanta, Christopher Eubanks - Andres Martin, Match Handicap (Set), Christopher Eubanks-1.5, -417, Andres Martin+1.5, +265, Christopher Eubanks+1.5, -6667, Andres Martin-1.5, +2500
Betano, Set Markets, Atlanta, Christopher Eubanks - Andres Martin, Number of Sets, 2, -455, 3, +305
Betano, Set Markets, Atlanta, Christopher Eubanks - Andres Martin, Game Spread  (Set 1), Christopher Eubanks-1.5, -303, Andres Martin+1.5, +215
Betano, Set Markets, Atlanta, Christopher Eubanks - Andres Martin, Set Total Games (Set 1), Over7.5, -1111, Under7.5, +520, Over8.5, -400, Under8.5, +255, Over9.5, -118, Under9.5, -118, Over10.5, +205, Under10.5, -303, Over12.5, +280, Under12.5, -455
Betano, Set Markets, Atlanta, Christopher Eubanks - Andres Martin, Game Spread  (Set 1), Christopher Eubanks-2.5, -108, Andres Martin+2.5, -125
Betano, Set Markets, Atlanta, Christopher Eubanks - Andres Martin, Set Total Games (Set 2), Over7.5, -1667, Under7.5, +610, Over8.5, -400, Under8.5, +255, Over9.5, -154, Under9.5, +110, Over10.5, +205, Under10.5, -303, Over12.5, +280, Under12.5, -455
Betano, Set Markets, Atlanta, Christopher Eubanks - Andres Martin, Set Games Odd/Even (Set 1), Odd, -154, Even, +110
Betano, Set Markets, Atlanta, Christopher Eubanks - Andres Martin, Game Spread  (Set 2), Christopher Eubanks-2.5, +125, Andres Martin+2.5, -167
Betano, Set Markets, Atlanta, Christopher Eubanks - Andres Martin, Set Score (Set 1), 6 - 7, +1200, 4 - 6, +1900, 3 - 6, +3400, 5 - 7, +5900, 2 - 6, +11900, 1 - 6, +19900, 0 - 6, +29900
Betano, Set Markets, Atlanta, Christopher Eubanks - Andres Martin, Set Score (Set 2), 6 - 4, +240, 6 - 3, +365, 7 - 6, +440, 6 - 2, +450, 6 - 1, +1100, 7 - 5, +1150, 6 - 0, +3900
Betano, Set Markets, Atlanta, Christopher Eubanks - Andres Martin, Game Spread  (Set 2), Christopher Eubanks-1.5, -303, Andres Martin+1.5, +215
Betano, Set Markets, Atlanta, Christopher Eubanks - Andres Martin, Set Score (Set 1), 6 - 3, +245, 6 - 4, +355, 7 - 6, +440, 6 - 2, +540, 6 - 1, +800, 7 - 5, +1150, 6 - 0, +3900
Betano, Set Markets, Atlanta, Christopher Eubanks - Andres Martin, Christopher Eubanks Win a Set, Yes, -6667, No, +2500
Betano, Set Markets, Atlanta, Christopher Eubanks - Andres Martin, Set Score (Set 2), 6 - 7, +1200, 3 - 6, +2300, 4 - 6, +2500, 5 - 7, +5400, 2 - 6, +11900, 1 - 6, +17400, 0 - 6, +29900
Betano, Set Markets, Atlanta, Christopher Eubanks - Andres Martin, 1st Set Correct Score (Multiple), 6-0, 6-1 or 6-2, +275, 6-3 or 6-4, +110, 7-5 or 7-6, +300, 0-6, 1-6 or 2-6, +14900, 3-6 or 4-6, +1300, 5-7 or 6-7, +1025
Betano, Set Markets, Atlanta, Christopher Eubanks - Andres Martin, Andres Martin Win a Set, Yes, +265, No, -417
Betano, Set Markets, Atlanta, Christopher Eubanks - Andres Martin, Christopher Eubanks Win 2 Sets, Yes, -2000, No, +925
Betano, Set Markets, Atlanta, Christopher Eubanks - Andres Martin, Both Players to Win a Set, Yes, +305, No, -455
Betano, Set Markets, Atlanta, Christopher Eubanks - Andres Martin, Set Games Odd/Even (Set 2), Odd, -111, Even, -128
Betano, Set Markets, Atlanta, Christopher Eubanks - Andres Martin, Set to end 6:0 or 0:6, Yes, +975, No, -4000
Betano, Set Markets, Atlanta, Christopher Eubanks - Andres Martin, Andres Martin Win 2 Sets, Yes, +925, No, -2000
Betano, Set Markets, Atlanta, Juncheng Shang - Ben Shelton, Set Winner (Set 2), Juncheng Shang, +135, Ben Shelton, -182
Betano, Set Markets, Atlanta, Juncheng Shang - Ben Shelton, Set Winner (Set 1), Juncheng Shang, +135, Ben Shelton, -182
Betano, Set Markets, Atlanta, Juncheng Shang - Ben Shelton, Set Betting, 2 - 0, +375, 2 - 1, +390
Betano, Set Markets, Atlanta, Juncheng Shang - Ben Shelton, Set Betting, 0 - 2, +130, 1 - 2, +270
Betano, Set Markets, Atlanta, Juncheng Shang - Ben Shelton, Setcast, Ben Shelton - Ben Shelton, +130, Juncheng Shang - Juncheng Shang, +375, Ben Shelton - Juncheng Shang - Ben Shelton, +580, Juncheng Shang - Ben Shelton - Ben Shelton, +580, Ben Shelton - Juncheng Shang - Juncheng Shang, +800, Juncheng Shang - Ben Shelton - Juncheng Shang, +800
Betano, Set Markets, Atlanta, Juncheng Shang - Ben Shelton, Number of Sets, 2, -161, 3, +122
Betano, Set Markets, Atlanta, Juncheng Shang - Ben Shelton, Set Winner & Set Games (Set 1), Juncheng Shang and Over9.5, +205, Juncheng Shang and Under9.5, +700, Ben Shelton and Over9.5, +172, Ben Shelton and Under9.5, +210
Betano, Set Markets, Atlanta, Juncheng Shang - Ben Shelton, Set Winner & Set Games (Set 1), Juncheng Shang and Over10.5, +430, Juncheng Shang and Under10.5, +275, Ben Shelton and Over10.5, +320, Ben Shelton and Under10.5, +125
Betano, Set Markets, Atlanta, Juncheng Shang - Ben Shelton, Set Winner & Set Games (Set 2), Juncheng Shang and Over10.5, +430, Juncheng Shang and Under10.5, +275, Ben Shelton and Over10.5, +320, Ben Shelton and Under10.5, +125
Betano, Set Markets, Atlanta, Juncheng Shang - Ben Shelton, Match Handicap (Set), Juncheng Shang-1.5, +375, Ben Shelton+1.5, -526, Juncheng Shang+1.5, -175, Ben Shelton-1.5, +130
Betano, Set Markets, Atlanta, Juncheng Shang - Ben Shelton, Set Winner & Set Games (Set 2), Juncheng Shang and Over9.5, +235, Juncheng Shang and Under9.5, +530, Ben Shelton and Over9.5, +137, Ben Shelton and Under9.5, +280
Betano, Set Markets, Atlanta, Juncheng Shang - Ben Shelton, Game Spread  (Set 2), Juncheng Shang+1.5, -133, Ben Shelton-1.5, +102
Betano, Set Markets, Atlanta, Juncheng Shang - Ben Shelton, Game Spread  (Set 2), Juncheng Shang-1.5, +220, Ben Shelton+1.5, -312
Betano, Set Markets, Atlanta, Juncheng Shang - Ben Shelton, Set Total Games (Set 1), Over7.5, -2500, Under7.5, +750, Over8.5, -769, Under8.5, +420, Over9.5, -189, Under9.5, +135, Over10.5, +142, Under10.5, -200, Over12.5, +210, Under12.5, -312
Betano, Set Markets, Atlanta, Juncheng Shang - Ben Shelton, Set Total Games (Set 2), Over7.5, -3333, Under7.5, +800, Over8.5, -769, Under8.5, +420, Over9.5, -213, Under9.5, +150, Over10.5, +142, Under10.5, -200, Over12.5, +210, Under12.5, -312
Betano, Set Markets, Atlanta, Juncheng Shang - Ben Shelton, Set Games Odd/Even (Set 2), Odd, -133, Even, -105
Betano, Set Markets, Atlanta, Juncheng Shang - Ben Shelton, Game Spread  (Set 1), Juncheng Shang+1.5, -133, Ben Shelton-1.5, +102
Betano, Set Markets, Atlanta, Juncheng Shang - Ben Shelton, Set Score (Set 1), 6 - 4, +520, 7 - 6, +570, 6 - 3, +1150, 7 - 5, +1900, 6 - 2, +2200, 6 - 1, +6400, 6 - 0, +17400
Betano, Set Markets, Atlanta, Juncheng Shang - Ben Shelton, Set Score (Set 1), 3 - 6, +360, 6 - 7, +450, 4 - 6, +560, 2 - 6, +1250, 5 - 7, +1350, 1 - 6, +1750, 0 - 6, +9900
Betano, Set Markets, Atlanta, Juncheng Shang - Ben Shelton, Set Score (Set 2), 4 - 6, +375, 6 - 7, +450, 3 - 6, +540, 2 - 6, +1050, 5 - 7, +1350, 1 - 6, +2500, 0 - 6, +9900
Betano, Set Markets, Atlanta, Juncheng Shang - Ben Shelton, Set Score (Set 2), 7 - 6, +570, 6 - 4, +690, 6 - 3, +775, 7 - 5, +1900, 6 - 2, +2500, 6 - 1, +4900, 6 - 0, +17400
Betano, Set Markets, Atlanta, Juncheng Shang - Ben Shelton, Juncheng Shang Win a Set, Yes, -175, No, +130
Betano, Set Markets, Atlanta, Juncheng Shang - Ben Shelton, Game Spread  (Set 1), Juncheng Shang+2.5, -294, Ben Shelton-2.5, +205
Betano, Set Markets, Atlanta, Juncheng Shang - Ben Shelton, 1st Set Correct Score (Multiple), 6-0, 6-1 or 6-2, +1800, 6-3 or 6-4, +345, 7-5 or 7-6, +440, 0-6, 1-6 or 2-6, +725, 3-6 or 4-6, +192, 5-7 or 6-7, +325
Betano, Set Markets, Atlanta, Juncheng Shang - Ben Shelton, Set Games Odd/Even (Set 1), Odd, -154, Even, +110
Betano, Set Markets, Atlanta, Juncheng Shang - Ben Shelton, Ben Shelton Win a Set, Yes, -526, No, +375
Betano, Set Markets, Atlanta, Juncheng Shang - Ben Shelton, Juncheng Shang Win 2 Sets, Yes, +160, No, -200
Betano, Set Markets, Atlanta, Ugo Humbert - Lloyd George Muirhead Harris, Set Winner (Set 1), Ugo Humbert, -118, Lloyd George Muirhead Harris, -114
Betano, Set Markets, Atlanta, Ugo Humbert - Lloyd George Muirhead Harris, Set Winner (Set 2), Ugo Humbert, -118, Lloyd George Muirhead Harris, -114
Betano, Set Markets, Atlanta, Juncheng Shang - Ben Shelton, Ben Shelton Win 2 Sets, Yes, -200, No, +160
Betano, Set Markets, Atlanta, Juncheng Shang - Ben Shelton, Both Players to Win a Set, Yes, +122, No, -161
Betano, Set Markets, Atlanta, Ugo Humbert - Lloyd George Muirhead Harris, Setcast, Ugo Humbert - Ugo Humbert, +205, Lloyd George Muirhead Harris - Lloyd George Muirhead Harris, +220, Lloyd George Muirhead Harris - Ugo Humbert - Ugo Humbert, +660, Ugo Humbert - Lloyd George Muirhead Harris - Ugo Humbert, +660, Lloyd George Muirhead Harris - Ugo Humbert - Lloyd George Muirhead Harris, +670, Ugo Humbert - Lloyd George Muirhead Harris - Lloyd George Muirhead Harris, +670
Betano, Set Markets, Atlanta, Ugo Humbert - Lloyd George Muirhead Harris, Set Betting, 0 - 2, +220, 1 - 2, +320
Betano, Set Markets, Atlanta, Aleksandar Vukic - Yoshihito Nishioka, Set Winner (Set 1), Aleksandar Vukic, -102, Yoshihito Nishioka, -128
Betano, Set Markets, Atlanta, Aleksandar Vukic - Yoshihito Nishioka, Set Winner (Set 2), Aleksandar Vukic, -102, Yoshihito Nishioka, -128
Betano, Set Markets, Atlanta, Aleksandar Vukic - Yoshihito Nishioka, Set Betting, 2 - 0, +245, 2 - 1, +330
Betano, Set Markets, Atlanta, Ugo Humbert - Lloyd George Muirhead Harris, Set Betting, 2 - 0, +205, 2 - 1, +315
Betano, Set Markets, Atlanta, Aleksandar Vukic - Yoshihito Nishioka, Setcast, Yoshihito Nishioka - Yoshihito Nishioka, +187, Aleksandar Vukic - Aleksandar Vukic, +245, Yoshihito Nishioka - Aleksandar Vukic - Yoshihito Nishioka, +640, Aleksandar Vukic - Yoshihito Nishioka - Yoshihito Nishioka, +640, Yoshihito Nishioka - Aleksandar Vukic - Aleksandar Vukic, +690, Aleksandar Vukic - Yoshihito Nishioka - Aleksandar Vukic, +690
Betano, Set Markets, Atlanta, Aleksandar Vukic - Yoshihito Nishioka, Match Handicap (Set), Aleksandar Vukic-1.5, +245, Yoshihito Nishioka+1.5, -333, Aleksandar Vukic+1.5, -250, Yoshihito Nishioka-1.5, +187
Betano, Set Markets, Atlanta, Aleksandar Vukic - Yoshihito Nishioka, Set Winner & Set Games (Set 1), Aleksandar Vukic and Over9.5, +245, Aleksandar Vukic and Under9.5, +300, Yoshihito Nishioka and Over9.5, +180, Yoshihito Nishioka and Under9.5, +315
Betano, Set Markets, Atlanta, Aleksandar Vukic - Yoshihito Nishioka, Set Winner & Set Games (Set 1), Aleksandar Vukic and Over10.5, +460, Aleksandar Vukic and Under10.5, +177, Yoshihito Nishioka and Over10.5, +430, Yoshihito Nishioka and Under10.5, +145
Betano, Set Markets, Atlanta, Aleksandar Vukic - Yoshihito Nishioka, Set Betting, 0 - 2, +187, 1 - 2, +300
Betano, Set Markets, Atlanta, Aleksandar Vukic - Yoshihito Nishioka, Game Spread  (Set 1), Aleksandar Vukic-1.5, +145, Yoshihito Nishioka+1.5, -200
Betano, Set Markets, Atlanta, Aleksandar Vukic - Yoshihito Nishioka, Set Winner & Set Games (Set 2), Aleksandar Vukic and Over9.5, +220, Aleksandar Vukic and Under9.5, +345, Yoshihito Nishioka and Over9.5, +195, Yoshihito Nishioka and Under9.5, +285
Betano, Set Markets, Atlanta, Aleksandar Vukic - Yoshihito Nishioka, Set Winner & Set Games (Set 2), Aleksandar Vukic and Over10.5, +460, Aleksandar Vukic and Under10.5, +177, Yoshihito Nishioka and Over10.5, +430, Yoshihito Nishioka and Under10.5, +145
Betano, Set Markets, Atlanta, Aleksandar Vukic - Yoshihito Nishioka, Game Spread  (Set 2), Aleksandar Vukic+1.5, -154, Yoshihito Nishioka-1.5, +115
Betano, Set Markets, Atlanta, Aleksandar Vukic - Yoshihito Nishioka, Game Spread  (Set 2), Aleksandar Vukic-1.5, +145, Yoshihito Nishioka+1.5, -200
Betano, Set Markets, Atlanta, Aleksandar Vukic - Yoshihito Nishioka, Set Total Games (Set 1), Over7.5, -2000, Under7.5, +660, Over8.5, -526, Under8.5, +315, Over9.5, -161, Under9.5, +115, Over10.5, +182, Under10.5, -263, Over12.5, +280, Under12.5, -435
Betano, Set Markets, Atlanta, Aleksandar Vukic - Yoshihito Nishioka, Game Spread  (Set 1), Aleksandar Vukic+1.5, -154, Yoshihito Nishioka-1.5, +115
Betano, Set Markets, Atlanta, Aleksandar Vukic - Yoshihito Nishioka, Set Total Games (Set 2), Over7.5, -2000, Under7.5, +670, Over8.5, -526, Under8.5, +315, Over9.5, -161, Under9.5, +115, Over10.5, +182, Under10.5, -263, Over12.5, +280, Under12.5, -435
Betano, Set Markets, Atlanta, Aleksandar Vukic - Yoshihito Nishioka, Set Score (Set 1), 6 - 3, +530, 6 - 4, +660, 7 - 6, +690, 6 - 2, +1450, 7 - 5, +1550, 6 - 1, +2200, 6 - 0, +9900
Betano, Set Markets, Atlanta, Aleksandar Vukic - Yoshihito Nishioka, Number of Sets, 2, -154, 3, +115
Betano, Set Markets, Atlanta, Aleksandar Vukic - Yoshihito Nishioka, Set Games Odd/Even (Set 2), Odd, -118, Even, -118
Betano, Set Markets, Atlanta, Aleksandar Vukic - Yoshihito Nishioka, Set Score (Set 2), 6 - 4, +540, 6 - 3, +650, 7 - 6, +690, 6 - 2, +1300, 7 - 5, +1550, 6 - 1, +2600, 6 - 0, +9900
Betano, Set Markets, Atlanta, Aleksandar Vukic - Yoshihito Nishioka, Set Games Odd/Even (Set 1), Odd, -122, Even, -115
Betano, Set Markets, Atlanta, Aleksandar Vukic - Yoshihito Nishioka, Set Score (Set 1), 4 - 6, +420, 6 - 7, +650, 3 - 6, +680, 2 - 6, +1000, 5 - 7, +1400, 1 - 6, +2400, 0 - 6, +7900
Betano, Set Markets, Atlanta, Aleksandar Vukic - Yoshihito Nishioka, 1st Set Correct Score (Multiple), 6-0, 6-1 or 6-2, +875, 6-3 or 6-4, +270, 7-5 or 7-6, +470, 0-6, 1-6 or 2-6, +690, 3-6 or 4-6, +235, 5-7 or 6-7, +440
Betano, Set Markets, Atlanta, Aleksandar Vukic - Yoshihito Nishioka, Aleksandar Vukic Win a Set, Yes, -250, No, +187
Betano, Set Markets, Atlanta, Aleksandar Vukic - Yoshihito Nishioka, Set Score (Set 2), 4 - 6, +480, 3 - 6, +570, 6 - 7, +650, 2 - 6, +1050, 5 - 7, +1400, 1 - 6, +2200, 0 - 6, +7900
Betano, Set Markets, Atlanta, Aleksandar Vukic - Yoshihito Nishioka, Yoshihito Nishioka Win 2 Sets, Yes, -128, No, +105
Betano, Set Markets, Atlanta, Thanasi Kokkinakis - Alex De Minaur, Set Winner (Set 2), Thanasi Kokkinakis, +182, Alex De Minaur, -250
Betano, Set Markets, Atlanta, Aleksandar Vukic - Yoshihito Nishioka, Both Players to Win a Set, Yes, +115, No, -154
Betano, Set Markets, Atlanta, Aleksandar Vukic - Yoshihito Nishioka, Yoshihito Nishioka Win a Set, Yes, -333, No, +245
Betano, Set Markets, Atlanta, Thanasi Kokkinakis - Alex De Minaur, Set Winner (Set 1), Thanasi Kokkinakis, +182, Alex De Minaur, -250
Betano, Set Markets, Atlanta, Aleksandar Vukic - Yoshihito Nishioka, Aleksandar Vukic Win 2 Sets, Yes, +105, No, -128
Betano, Set Markets, Atlanta, Thanasi Kokkinakis - Alex De Minaur, Set Betting, 0 - 2, -114, 1 - 2, +270
Betano, Set Markets, Atlanta, Aleksandar Vukic - Yoshihito Nishioka, Set to end 6:0 or 0:6, Yes, +1075, No, -6667
Betano, Set Markets, Atlanta, Thanasi Kokkinakis - Alex De Minaur, Setcast, Alex De Minaur - Alex De Minaur, -114, Thanasi Kokkinakis - Thanasi Kokkinakis, +560, Alex De Minaur - Thanasi Kokkinakis - Alex De Minaur, +570, Thanasi Kokkinakis - Alex De Minaur - Alex De Minaur, +570, Alex De Minaur - Thanasi Kokkinakis - Thanasi Kokkinakis, +1000, Thanasi Kokkinakis - Alex De Minaur - Thanasi Kokkinakis, +1000
Betano, Set Markets, Atlanta, Thanasi Kokkinakis - Alex De Minaur, Number of Sets, 2, -189, 3, +140
Betano, Set Markets, Atlanta, Thanasi Kokkinakis - Alex De Minaur, Match Handicap (Set), Thanasi Kokkinakis-1.5, +560, Alex De Minaur+1.5, -833, Thanasi Kokkinakis+1.5, -118, Alex De Minaur-1.5, -114
Betano, Set Markets, Atlanta, Thanasi Kokkinakis - Alex De Minaur, Set Winner & Set Games (Set 1), Thanasi Kokkinakis and Over9.5, +310, Thanasi Kokkinakis and Under9.5, +650, Alex De Minaur and Over9.5, +152, Alex De Minaur and Under9.5, +172
Betano, Set Markets, Atlanta, Thanasi Kokkinakis - Alex De Minaur, Set Winner & Set Games (Set 1), Thanasi Kokkinakis and Over10.5, +570, Thanasi Kokkinakis and Under10.5, +330, Alex De Minaur and Over10.5, +355, Alex De Minaur and Under10.5, -118
Betano, Set Markets, Atlanta, Thanasi Kokkinakis - Alex De Minaur, Set Winner & Set Games (Set 2), Thanasi Kokkinakis and Over9.5, +320, Thanasi Kokkinakis and Under9.5, +630, Alex De Minaur and Over9.5, +142, Alex De Minaur and Under9.5, +185
Betano, Set Markets, Atlanta, Thanasi Kokkinakis - Alex De Minaur, Set Winner & Set Games (Set 2), Thanasi Kokkinakis and Over10.5, +570, Thanasi Kokkinakis and Under10.5, +330, Alex De Minaur and Over10.5, +355, Alex De Minaur and Under10.5, -118
Betano, Set Markets, Atlanta, Thanasi Kokkinakis - Alex De Minaur, Game Spread  (Set 1), Thanasi Kokkinakis+1.5, +107, Alex De Minaur-1.5, -143
Betano, Set Markets, Atlanta, Thanasi Kokkinakis - Alex De Minaur, Game Spread  (Set 2), Thanasi Kokkinakis+1.5, +107, Alex De Minaur-1.5, -143
Betano, Set Markets, Atlanta, Thanasi Kokkinakis - Alex De Minaur, Set Betting, 2 - 1, +500, 2 - 0, +560
Betano, Set Markets, Atlanta, Thanasi Kokkinakis - Alex De Minaur, Game Spread  (Set 1), Thanasi Kokkinakis+2.5, -238, Alex De Minaur-2.5, +172
Betano, Set Markets, Atlanta, Thanasi Kokkinakis - Alex De Minaur, Set Total Games (Set 1), Over7.5, -1667, Under7.5, +630, Over8.5, -500, Under8.5, +305, Over9.5, -154, Under9.5, +110, Over10.5, +185, Under10.5, -270, Over12.5, +270, Under12.5, -435
Betano, Set Markets, Atlanta, Thanasi Kokkinakis - Alex De Minaur, Set Games Odd/Even (Set 2), Odd, -120, Even, -118
Betano, Set Markets, Atlanta, Thanasi Kokkinakis - Alex De Minaur, Set Total Games (Set 2), Over7.5, -2000, Under7.5, +660, Over8.5, -500, Under8.5, +305, Over9.5, -161, Under9.5, +115, Over10.5, +185, Under10.5, -270, Over12.5, +270, Under12.5, -435
Betano, Set Markets, Atlanta, Thanasi Kokkinakis - Alex De Minaur, Set Score (Set 1), 6 - 4, +800, 7 - 6, +800, 6 - 3, +1000, 7 - 5, +2200, 6 - 2, +2700, 6 - 1, +5400, 6 - 0, +17400
Betano, Set Markets, Atlanta, Thanasi Kokkinakis - Alex De Minaur, Set Games Odd/Even (Set 1), Odd, -128, Even, -110
Betano, Set Markets, Atlanta, Thanasi Kokkinakis - Alex De Minaur, Game Spread  (Set 2), Thanasi Kokkinakis+2.5, -250, Alex De Minaur-2.5, +182
Betano, Set Markets, Atlanta, Thanasi Kokkinakis - Alex De Minaur, Set Score (Set 2), 7 - 6, +800, 6 - 4, +825, 6 - 3, +950, 7 - 5, +2200, 6 - 2, +2700, 6 - 1, +5400, 6 - 0, +17400
Betano, Set Markets, Atlanta, Thanasi Kokkinakis - Alex De Minaur, 1st Set Correct Score (Multiple), 6-0, 6-1 or 6-2, +2000, 6-3 or 6-4, +430, 7-5 or 7-6, +590, 0-6, 1-6 or 2-6, +440, 3-6 or 4-6, +165, 5-7 or 6-7, +365
Betano, Set Markets, Atlanta, Thanasi Kokkinakis - Alex De Minaur, Set Score (Set 2), 4 - 6, +350, 3 - 6, +450, 6 - 7, +550, 2 - 6, +690, 5 - 7, +1200, 1 - 6, +1500, 0 - 6, +5400
Betano, Set Markets, Atlanta, Thanasi Kokkinakis - Alex De Minaur, Thanasi Kokkinakis Win 2 Sets, Yes, +240, No, -312
Betano, Set Markets, Atlanta, Thanasi Kokkinakis - Alex De Minaur, Set Score (Set 1), 4 - 6, +390, 3 - 6, +400, 6 - 7, +550, 2 - 6, +725, 5 - 7, +1200, 1 - 6, +1350, 0 - 6, +5400
Betano, Set Markets, Atlanta, Thanasi Kokkinakis - Alex De Minaur, Alex De Minaur Win 2 Sets, Yes, -312, No, +240
Betano, Set Markets, Atlanta, Thanasi Kokkinakis - Alex De Minaur, Thanasi Kokkinakis Win a Set, Yes, -118, No, -114
Betano, Set Markets, Atlanta, Taylor Harry Fritz - Yibing Wu, Set Betting, 2 - 0, -133, 2 - 1, +275
Betano, Set Markets, Atlanta, Thanasi Kokkinakis - Alex De Minaur, Both Players to Win a Set, Yes, +140, No, -189
Betano, Set Markets, Atlanta, Taylor Harry Fritz - Yibing Wu, Set Winner (Set 2), Taylor Harry Fritz, -286, Yibing Wu, +205
Betano, Set Markets, Atlanta, Thanasi Kokkinakis - Alex De Minaur, Set to end 6:0 or 0:6, Yes, +1050, No, -6667
Betano, Set Markets, Atlanta, Taylor Harry Fritz - Yibing Wu, Set Winner (Set 1), Taylor Harry Fritz, -286, Yibing Wu, +205
Betano, Set Markets, Atlanta, Taylor Harry Fritz - Yibing Wu, Setcast, Taylor Harry Fritz - Taylor Harry Fritz, -133, Yibing Wu - Taylor Harry Fritz - Taylor Harry Fritz, +590, Taylor Harry Fritz - Yibing Wu - Taylor Harry Fritz, +590, Yibing Wu - Yibing Wu, +650, Yibing Wu - Taylor Harry Fritz - Yibing Wu, +1100, Taylor Harry Fritz - Yibing Wu - Yibing Wu, +1100
Betano, Set Markets, Atlanta, Thanasi Kokkinakis - Alex De Minaur, Alex De Minaur Win a Set, Yes, -833, No, +560
Betano, Set Markets, Atlanta, Taylor Harry Fritz - Yibing Wu, Set Betting, 1 - 2, +560, 0 - 2, +650
Betano, Set Markets, Umag, Fabian Marozsan - Juan Manuel Cerundolo, Set Winner (Set 2), Fabian Marozsan, -6667, Juan Manuel Cerundolo, +1250
Betano, Set Markets, Umag, Fabian Marozsan - Juan Manuel Cerundolo, Match Handicap (Set), Fabian Marozsan-1.5, -6667, Juan Manuel Cerundolo+1.5, +1250
Betano, Set Markets, Umag, Fabian Marozsan - Juan Manuel Cerundolo, Set Winner & Set Games (Set 2), Fabian Marozsan and Over9.5, +410, Fabian Marozsan and Under9.5, -769, Juan Manuel Cerundolo and Over9.5, +1900
Betano, Set Markets, Umag, Fabian Marozsan - Juan Manuel Cerundolo, Set Winner (Set 3), Fabian Marozsan, -102, Juan Manuel Cerundolo, -125
Betano, Set Markets, Umag, Fabian Marozsan - Juan Manuel Cerundolo, Set Winner & Set Games (Set 2), Fabian Marozsan and Over8.5, +250, Fabian Marozsan and Under8.5, -357, Juan Manuel Cerundolo and Over8.5, +2200
Betano, Set Markets, Umag, Fabian Marozsan - Juan Manuel Cerundolo, Set Winner & Set Games (Set 3), Fabian Marozsan and Over8.5, +160, Fabian Marozsan and Under8.5, +560, Juan Manuel Cerundolo and Over8.5, +137, Juan Manuel Cerundolo and Under8.5, +490
Betano, Set Markets, Umag, Fabian Marozsan - Juan Manuel Cerundolo, Set Winner & Set Games (Set 3), Fabian Marozsan and Over9.5, +270, Fabian Marozsan and Under9.5, +270, Juan Manuel Cerundolo and Over9.5, +230, Juan Manuel Cerundolo and Under9.5, +245
Betano, Set Markets, Umag, Fabian Marozsan - Juan Manuel Cerundolo, Game Spread  (Set 2), Fabian Marozsan-2.5, -714, Juan Manuel Cerundolo+2.5, +410
Betano, Set Markets, Umag, Fabian Marozsan - Juan Manuel Cerundolo, Game Spread  (Set 3), Fabian Marozsan-1.5, +127, Juan Manuel Cerundolo+1.5, -167
Betano, Set Markets, Umag, Fabian Marozsan - Juan Manuel Cerundolo, Number of Sets, 2, -6667, 3, +1250
Betano, Set Markets, Umag, Fabian Marozsan - Juan Manuel Cerundolo, Game Spread  (Set 2), Fabian Marozsan-3.5, -370, Juan Manuel Cerundolo+3.5, +255
Betano, Set Markets, Umag, Fabian Marozsan - Juan Manuel Cerundolo, Game Spread  (Set 3), Fabian Marozsan+1.5, -139, Juan Manuel Cerundolo-1.5, +105
Betano, Set Markets, Umag, Fabian Marozsan - Juan Manuel Cerundolo, Set Total Games (Set 3), Over6.5, -6667, Under6.5, +1075, Over7.5, -1250, Under7.5, +580, Over8.5, -333, Under8.5, +230, Over9.5, -118, Under9.5, -111, Over10.5, +245, Under10.5, -357, Over12.5, +460, Under12.5, -833
Betano, Set Markets, Umag, Fabian Marozsan - Juan Manuel Cerundolo, Set Race to 2 Games (Set 3), Fabian Marozsan, -115, Juan Manuel Cerundolo, -114
Betano, Set Markets, Umag, Fabian Marozsan - Juan Manuel Cerundolo, Set Total Games (Set 2), Over8.5, +260, Under8.5, -357, Over9.5, +450, Under9.5, -769, Over10.5, +925, Under10.5, -3333, Over12.5, +1075, Under12.5, -6667
Betano, Set Markets, Umag, Fabian Marozsan - Juan Manuel Cerundolo, Set Games Odd/Even (Set 2), Odd, +500, Even, -909
Betano, Set Markets, Umag, Fabian Marozsan - Juan Manuel Cerundolo, Set Race to 5 Games (Set 3), Fabian Marozsan, -110, Juan Manuel Cerundolo, -122
Betano, Set Markets, Umag, Fabian Marozsan - Juan Manuel Cerundolo, Set Score (Set 2), 6 - 2, -357, 6 - 4, +510, 6 - 3, +570, 7 - 6, +2900, 7 - 5, +3600
Betano, Set Markets, Umag, Fabian Marozsan - Juan Manuel Cerundolo, Set Race to 3 Games (Set 3), Fabian Marozsan, -114, Juan Manuel Cerundolo, -118
Betano, Set Markets, Umag, Fabian Marozsan - Juan Manuel Cerundolo, Set Score (Set 2), 6 - 7, +3100, 5 - 7, +3600
Betano, Set Markets, Umag, Fabian Marozsan - Juan Manuel Cerundolo, Set Games Odd/Even (Set 3), Odd, +102, Even, -133
Betano, Set Markets, Umag, Fabian Marozsan - Juan Manuel Cerundolo, Set Race to 4 Games (Set 3), Fabian Marozsan, -111, Juan Manuel Cerundolo, -120
Betano, Set Markets, Umag, Fabian Marozsan - Juan Manuel Cerundolo, Set Score (Set 3), 6 - 4, +620, 6 - 3, +630, 6 - 2, +1025, 7 - 6, +1025, 7 - 5, +1350, 6 - 1, +1600, 6 - 0, +4900
Betano, Set Markets, Umag, Fabian Marozsan - Juan Manuel Cerundolo, Juan Manuel Cerundolo Win a Set, Yes, +1250, No, -6667
Betano, Set Markets, Umag, Fabian Marozsan - Juan Manuel Cerundolo, Set Score (Set 3), 4 - 6, +510, 3 - 6, +620, 2 - 6, +850, 6 - 7, +950, 5 - 7, +1200, 1 - 6, +1550, 0 - 6, +4900
Betano, Set Markets, Umag, Marco Cecchinato - Alexander Shevchenko, Set Winner (Set 2), Marco Cecchinato, +150, Alexander Shevchenko, -192
Betano, Set Markets, Umag, Marco Cecchinato - Alexander Shevchenko, Set Winner (Set 1), Marco Cecchinato, +825, Alexander Shevchenko, -2000
Betano, Set Markets, Umag, Fabian Marozsan - Juan Manuel Cerundolo, Both Players to Win a Set, Yes, +1250, No, -6667
Betano, Set Markets, Umag, Marco Cecchinato - Alexander Shevchenko, Setcast, Alexander Shevchenko - Alexander Shevchenko, -167, Alexander Shevchenko - Marco Cecchinato - Alexander Shevchenko, +340, Alexander Shevchenko - Marco Cecchinato - Marco Cecchinato, +410, Marco Cecchinato - Marco Cecchinato, +1800, Marco Cecchinato - Alexander Shevchenko - Alexander Shevchenko, +2700, Marco Cecchinato - Alexander Shevchenko - Marco Cecchinato, +3900
Betano, Set Markets, Umag, Marco Cecchinato - Alexander Shevchenko, Set Betting, 0 - 2, -167, 1 - 2, +305
Betano, Set Markets, Umag, Marco Cecchinato - Alexander Shevchenko, Match Handicap (Set), Marco Cecchinato+1.5, +122, Alexander Shevchenko-1.5, -167
Betano, Set Markets, Umag, Marco Cecchinato - Alexander Shevchenko, Set Winner & Set Games (Set 2), Marco Cecchinato and Over9.5, +340, Marco Cecchinato and Under9.5, +390, Alexander Shevchenko and Over9.5, +225, Alexander Shevchenko and Under9.5, +157
Betano, Set Markets, Umag, Marco Cecchinato - Alexander Shevchenko, Set Winner & Set Games (Set 1), Marco Cecchinato and Over9.5, +875, Alexander Shevchenko and Over9.5, -139, Alexander Shevchenko and Under9.5, +137
Betano, Set Markets, Umag, Marco Cecchinato - Alexander Shevchenko, Game Spread  (Set 1), Marco Cecchinato+1.5, +480, Alexander Shevchenko-1.5, -909
Betano, Set Markets, Umag, Marco Cecchinato - Alexander Shevchenko, Set Winner & Set Games (Set 2), Marco Cecchinato and Over8.5, +215, Marco Cecchinato and Under8.5, +800, Alexander Shevchenko and Over8.5, +120, Alexander Shevchenko and Under8.5, +305
Betano, Set Markets, Umag, Marco Cecchinato - Alexander Shevchenko, Game Spread  (Set 1), Marco Cecchinato+2.5, -175, Alexander Shevchenko-2.5, +132
Betano, Set Markets, Umag, Marco Cecchinato - Alexander Shevchenko, Set Betting, 2 - 1, +370, 2 - 0, +1800
Betano, Set Markets, Umag, Marco Cecchinato - Alexander Shevchenko, Set Total Games (Set 1), Over9.5, -175, Under9.5, +137, Over10.5, +410, Under10.5, -714, Over12.5, +690, Under12.5, -1667
Betano, Set Markets, Umag, Marco Cecchinato - Alexander Shevchenko, Game Spread  (Set 2), Marco Cecchinato+1.5, +107, Alexander Shevchenko-1.5, -143
Betano, Set Markets, Umag, Marco Cecchinato - Alexander Shevchenko, Number of Sets, 2, -189, 3, +142
Betano, Set Markets, Umag, Marco Cecchinato - Alexander Shevchenko, Set Total Games (Set 2), Over6.5, -5000, Under6.5, +1025, Over7.5, -909, Under7.5, +500, Over8.5, -278, Under8.5, +200, Over9.5, -102, Under9.5, -128, Over10.5, +275, Under10.5, -400, Over12.5, +500, Under12.5, -909
Betano, Set Markets, Umag, Marco Cecchinato - Alexander Shevchenko, Set Race to 3 Games (Set 2), Marco Cecchinato, +122, Alexander Shevchenko, -161
Betano, Set Markets, Umag, Marco Cecchinato - Alexander Shevchenko, Game Spread  (Set 2), Marco Cecchinato+2.5, -213, Alexander Shevchenko-2.5, +155
Betano, Set Markets, Umag, Marco Cecchinato - Alexander Shevchenko, Set Race to 4 Games (Set 2), Marco Cecchinato, +130, Alexander Shevchenko, -175
Betano, Set Markets, Umag, Marco Cecchinato - Alexander Shevchenko, Set Score (Set 1), 7 - 6, +1300, 7 - 5, +1700
Betano, Set Markets, Umag, Marco Cecchinato - Alexander Shevchenko, Set Race to 2 Games (Set 2), Marco Cecchinato, +115, Alexander Shevchenko, -154
Betano, Set Markets, Umag, Marco Cecchinato - Alexander Shevchenko, Set Score (Set 2), 3 - 6, +490, 4 - 6, +490, 2 - 6, +620, 1 - 6, +975, 6 - 7, +1000, 5 - 7, +1200, 0 - 6, +2800
Betano, Set Markets, Umag, Marco Cecchinato - Alexander Shevchenko, Set Games Odd/Even (Set 1), Odd, -108, Even, -125
Betano, Set Markets, Umag, Marco Cecchinato - Alexander Shevchenko, Set Race to 5 Games (Set 2), Marco Cecchinato, +135, Alexander Shevchenko, -182
Betano, Set Markets, Umag, Marco Cecchinato - Alexander Shevchenko, 1st Set Correct Score (Multiple), 7-5 or 7-6, +650, 3-6 or 4-6, -714, 5-7 or 6-7, +560
Betano, Set Markets, Umag, Marco Cecchinato - Alexander Shevchenko, Set Score (Set 2), 6 - 4, +750, 6 - 3, +825, 7 - 6, +1200, 6 - 2, +1350, 7 - 5, +1650, 6 - 1, +2300, 6 - 0, +7400
Betano, Set Markets, Umag, Marco Cecchinato - Alexander Shevchenko, Set Games Odd/Even (Set 2), Odd, +100, Even, -133
Betano, Set Markets, Umag, Marco Cecchinato - Alexander Shevchenko, Set Score (Set 1), 4 - 6, -105, 3 - 6, +137, 6 - 7, +1150, 5 - 7, +1400
Betano, Set Markets, Umag, Marco Cecchinato - Alexander Shevchenko, Marco Cecchinato Win 2 Sets, Yes, +320, No, -435
Betano, Set Markets, Umag, Marco Cecchinato - Alexander Shevchenko, Alexander Shevchenko Win a Set, Yes, -5000, No, +1800
Betano, Set Markets, Umag, Marco Cecchinato - Alexander Shevchenko, Set to end 6:0 or 0:6, Yes, +950, No, -4000
Betano, Set Markets, Umag, Marco Cecchinato - Alexander Shevchenko, Marco Cecchinato Win a Set, Yes, +122, No, -167
Betano, Set Markets, Umag, Albert Ramos-Vinolas - Jaume Antoni Munar Clar, Set Winner (Set 1), Albert Ramos-Vinolas, +1000, Jaume Antoni Munar Clar, -3333
Betano, Set Markets, Umag, Albert Ramos-Vinolas - Jaume Antoni Munar Clar, Set Betting, 0 - 2, -154, 1 - 2, +305
Betano, Set Markets, Umag, Marco Cecchinato - Alexander Shevchenko, Alexander Shevchenko Win 2 Sets, Yes, -435, No, +320
Betano, Set Markets, Umag, Albert Ramos-Vinolas - Jaume Antoni Munar Clar, Set Winner (Set 2), Albert Ramos-Vinolas, +125, Jaume Antoni Munar Clar, -161
Betano, Set Markets, Umag, Albert Ramos-Vinolas - Jaume Antoni Munar Clar, Setcast, Jaume Antoni Munar Clar - Jaume Antoni Munar Clar, -154, Jaume Antoni Munar Clar - Albert Ramos-Vinolas - Albert Ramos-Vinolas, +310, Jaume Antoni Munar Clar - Albert Ramos-Vinolas - Jaume Antoni Munar Clar, +315, Albert Ramos-Vinolas - Albert Ramos-Vinolas, +2500, Albert Ramos-Vinolas - Jaume Antoni Munar Clar - Jaume Antoni Munar Clar, +4900, Albert Ramos-Vinolas - Jaume Antoni Munar Clar - Albert Ramos-Vinolas, +5400
Betano, Set Markets, Umag, Albert Ramos-Vinolas - Jaume Antoni Munar Clar, Match Handicap (Set), Albert Ramos-Vinolas+1.5, +110, Jaume Antoni Munar Clar-1.5, -154
Betano, Set Markets, Umag, Albert Ramos-Vinolas - Jaume Antoni Munar Clar, Set Winner & Set Games (Set 1), Albert Ramos-Vinolas and Over8.5, +1300, Jaume Antoni Munar Clar and Over8.5, +127, Jaume Antoni Munar Clar and Under8.5, -154
Betano, Set Markets, Umag, Albert Ramos-Vinolas - Jaume Antoni Munar Clar, Set Winner & Set Games (Set 1), Albert Ramos-Vinolas and Over9.5, +1050, Jaume Antoni Munar Clar and Over9.5, +520, Jaume Antoni Munar Clar and Under9.5, -714
Betano, Set Markets, Umag, Albert Ramos-Vinolas - Jaume Antoni Munar Clar, Set Winner & Set Games (Set 2), Albert Ramos-Vinolas and Over8.5, +200, Albert Ramos-Vinolas and Under8.5, +600, Jaume Antoni Munar Clar and Over8.5, +140, Jaume Antoni Munar Clar and Under8.5, +325
Betano, Set Markets, Umag, Albert Ramos-Vinolas - Jaume Antoni Munar Clar, Game Spread  (Set 1), Albert Ramos-Vinolas+3.5, +115, Jaume Antoni Munar Clar-3.5, -154
Betano, Set Markets, Umag, Albert Ramos-Vinolas - Jaume Antoni Munar Clar, Number of Sets, 2, -161, 3, +122
Betano, Set Markets, Umag, Albert Ramos-Vinolas - Jaume Antoni Munar Clar, Set Winner & Set Games (Set 2), Albert Ramos-Vinolas and Over9.5, +305, Albert Ramos-Vinolas and Under9.5, +330, Jaume Antoni Munar Clar and Over9.5, +265, Jaume Antoni Munar Clar and Under9.5, +165
Betano, Set Markets, Umag, Marco Cecchinato - Alexander Shevchenko, Both Players to Win a Set, Yes, +142, No, -189
Betano, Set Markets, Umag, Albert Ramos-Vinolas - Jaume Antoni Munar Clar, Game Spread  (Set 1), Albert Ramos-Vinolas+2.5, +410, Jaume Antoni Munar Clar-2.5, -667
Betano, Set Markets, Umag, Albert Ramos-Vinolas - Jaume Antoni Munar Clar, Game Spread  (Set 2), Albert Ramos-Vinolas-1.5, +150, Jaume Antoni Munar Clar+1.5, -200
Betano, Set Markets, Umag, Albert Ramos-Vinolas - Jaume Antoni Munar Clar, Set Total Games (Set 1), Over8.5, +118, Under8.5, -154, Over9.5, +450, Under9.5, -769, Over10.5, +680, Under10.5, -1667, Over12.5, +900, Under12.5, -3333
Betano, Set Markets, Umag, Albert Ramos-Vinolas - Jaume Antoni Munar Clar, Set Race to 3 Games (Set 2), Albert Ramos-Vinolas, +115, Jaume Antoni Munar Clar, -154
Betano, Set Markets, Umag, Albert Ramos-Vinolas - Jaume Antoni Munar Clar, Game Spread  (Set 2), Albert Ramos-Vinolas+1.5, -105, Jaume Antoni Munar Clar-1.5, -125
Betano, Set Markets, Umag, Albert Ramos-Vinolas - Jaume Antoni Munar Clar, Set Betting, 2 - 1, +300, 2 - 0, +2500
Betano, Set Markets, Umag, Albert Ramos-Vinolas - Jaume Antoni Munar Clar, Set Race to 4 Games (Set 2), Albert Ramos-Vinolas, +120, Jaume Antoni Munar Clar, -161
Betano, Set Markets, Umag, Albert Ramos-Vinolas - Jaume Antoni Munar Clar, Set Race to 2 Games (Set 2), Albert Ramos-Vinolas, +115, Jaume Antoni Munar Clar, -154
Betano, Set Markets, Umag, Albert Ramos-Vinolas - Jaume Antoni Munar Clar, Set Games Odd/Even (Set 1), Odd, +167, Even, -227
Betano, Set Markets, Umag, Albert Ramos-Vinolas - Jaume Antoni Munar Clar, Set Race to 5 Games (Set 2), Albert Ramos-Vinolas, +122, Jaume Antoni Munar Clar, -161
Betano, Set Markets, Umag, Albert Ramos-Vinolas - Jaume Antoni Munar Clar, Set Total Games (Set 2), Over6.5, -4000, Under6.5, +975, Over7.5, -769, Under7.5, +450, Over8.5, -256, Under8.5, +185, Over9.5, +105, Under9.5, -139, Over10.5, +285, Under10.5, -417, Over12.5, +550, Under12.5, -1111
Betano, Set Markets, Umag, Albert Ramos-Vinolas - Jaume Antoni Munar Clar, Set Score (Set 1), 2 - 6, -154, 3 - 6, +190, 4 - 6, +1025, 6 - 7, +2100, 5 - 7, +2300
Betano, Set Markets, Umag, Albert Ramos-Vinolas - Jaume Antoni Munar Clar, Set Score (Set 1), 7 - 6, +2100, 7 - 5, +2300
Betano, Set Markets, Umag, Albert Ramos-Vinolas - Jaume Antoni Munar Clar, Set Games Odd/Even (Set 2), Odd, +105, Even, -139
Betano, Set Markets, Umag, Albert Ramos-Vinolas - Jaume Antoni Munar Clar, 1st Set Correct Score (Multiple), 7-5 or 7-6, +1300, 0-6, 1-6 or 2-6, -161, 3-6 or 4-6, +152, 5-7 or 6-7, +1300
Betano, Set Markets, Umag, Albert Ramos-Vinolas - Jaume Antoni Munar Clar, Set Score (Set 2), 6 - 4, +640, 6 - 3, +850, 6 - 2, +1025, 7 - 6, +1300, 7 - 5, +1450, 6 - 1, +1900, 6 - 0, +4900
Betano, Set Markets, Umag, Albert Ramos-Vinolas - Jaume Antoni Munar Clar, Both Players to Win a Set, Yes, +122, No, -161
Betano, Set Markets, Umag, Albert Ramos-Vinolas - Jaume Antoni Munar Clar, Albert Ramos-Vinolas Win a Set, Yes, +110, No, -154
Betano, Set Markets, Umag, Albert Ramos-Vinolas - Jaume Antoni Munar Clar, Set Score (Set 2), 3 - 6, +500, 4 - 6, +600, 2 - 6, +700, 1 - 6, +950, 6 - 7, +1150, 5 - 7, +1200, 0 - 6, +2700
Betano, Set Markets, Umag, Albert Ramos-Vinolas - Jaume Antoni Munar Clar, Jaume Antoni Munar Clar Win a Set, Yes, -6667, No, +2500
Betano, Set Markets, Umag, Albert Ramos-Vinolas - Jaume Antoni Munar Clar, Jaume Antoni Munar Clar Win 2 Sets, Yes, -370, No, +280
Betano, Set Markets, Umag, Albert Ramos-Vinolas - Jaume Antoni Munar Clar, Set to end 6:0 or 0:6, Yes, +900, No, -3333
Betano, Set Markets, Umag, Albert Ramos-Vinolas - Jaume Antoni Munar Clar, Albert Ramos-Vinolas Win 2 Sets, Yes, +280, No, -370
Betano, Set Markets, Umag, Taro Daniel - Roberto Carballes Baena, Set Winner (Set 2), Taro Daniel, -110, Roberto Carballes Baena, -120
Betano, Set Markets, Umag, Taro Daniel - Roberto Carballes Baena, Set Betting, 0 - 2, +200, 1 - 2, +315
Betano, Set Markets, Umag, Taro Daniel - Roberto Carballes Baena, Set Winner (Set 1), Taro Daniel, -110, Roberto Carballes Baena, -120
Betano, Set Markets, Umag, Taro Daniel - Roberto Carballes Baena, Match Handicap (Set), Taro Daniel-1.5, +225, Roberto Carballes Baena+1.5, -303, Taro Daniel+1.5, -270, Roberto Carballes Baena-1.5, +200
Betano, Set Markets, Umag, Taro Daniel - Roberto Carballes Baena, Setcast, Roberto Carballes Baena - Roberto Carballes Baena, +200, Taro Daniel - Taro Daniel, +225, Roberto Carballes Baena - Taro Daniel - Roberto Carballes Baena, +660, Taro Daniel - Roberto Carballes Baena - Roberto Carballes Baena, +660, Roberto Carballes Baena - Taro Daniel - Taro Daniel, +680, Taro Daniel - Roberto Carballes Baena - Taro Daniel, +680
Betano, Set Markets, Umag, Taro Daniel - Roberto Carballes Baena, Set Winner & Set Games (Set 1), Taro Daniel and Over8.5, +152, Taro Daniel and Under8.5, +520, Roberto Carballes Baena and Over8.5, +145, Roberto Carballes Baena and Under8.5, +470
Betano, Set Markets, Umag, Taro Daniel - Roberto Carballes Baena, Set Winner & Set Games (Set 1), Taro Daniel and Over9.5, +260, Taro Daniel and Under9.5, +260, Roberto Carballes Baena and Over9.5, +250, Roberto Carballes Baena and Under9.5, +235
Betano, Set Markets, Umag, Taro Daniel - Roberto Carballes Baena, Set Winner & Set Games (Set 2), Taro Daniel and Over8.5, +152, Taro Daniel and Under8.5, +520, Roberto Carballes Baena and Over8.5, +145, Roberto Carballes Baena and Under8.5, +470
Betano, Set Markets, Umag, Taro Daniel - Roberto Carballes Baena, Set Betting, 2 - 0, +225, 2 - 1, +325
Betano, Set Markets, Umag, Taro Daniel - Roberto Carballes Baena, Set Winner & Set Games (Set 2), Taro Daniel and Over9.5, +255, Taro Daniel and Under9.5, +260, Roberto Carballes Baena and Over9.5, +245, Roberto Carballes Baena and Under9.5, +240
Betano, Set Markets, Umag, Taro Daniel - Roberto Carballes Baena, Game Spread  (Set 2), Taro Daniel-1.5, +120, Roberto Carballes Baena+1.5, -161
Betano, Set Markets, Umag, Taro Daniel - Roberto Carballes Baena, Number of Sets, 2, -161, 3, +120
Betano, Set Markets, Umag, Taro Daniel - Roberto Carballes Baena, Set Total Games (Set 1), Over6.5, -6667, Under6.5, +950, Over7.5, -1000, Under7.5, +470, Over8.5, -312, Under8.5, +210, Over9.5, -115, Under9.5, -120, Over10.5, +235, Under10.5, -357, Over12.5, +400, Under12.5, -714
Betano, Set Markets, Umag, Taro Daniel - Roberto Carballes Baena, Game Spread  (Set 2), Taro Daniel+1.5, -143, Roberto Carballes Baena-1.5, +107
Betano, Set Markets, Umag, Taro Daniel - Roberto Carballes Baena, Set Total Games (Set 2), Over6.5, -6667, Under6.5, +950, Over7.5, -1000, Under7.5, +480, Over8.5, -312, Under8.5, +210, Over9.5, -118, Under9.5, -118, Over10.5, +235, Under10.5, -357, Over12.5, +400, Under12.5, -714
Betano, Set Markets, Umag, Taro Daniel - Roberto Carballes Baena, Set Games Odd/Even (Set 1), Odd, -102, Even, -139
Betano, Set Markets, Umag, Taro Daniel - Roberto Carballes Baena, Game Spread  (Set 1), Taro Daniel+1.5, -143, Roberto Carballes Baena-1.5, +107
Betano, Set Markets, Umag, Taro Daniel - Roberto Carballes Baena, Set Score (Set 1), 4 - 6, +560, 3 - 6, +600, 2 - 6, +875, 6 - 7, +1000, 5 - 7, +1300, 1 - 6, +1450, 0 - 6, +4400
Betano, Set Markets, Umag, Taro Daniel - Roberto Carballes Baena, Set Games Odd/Even (Set 2), Odd, -102, Even, -139
Betano, Set Markets, Umag, Taro Daniel - Roberto Carballes Baena, Set Score (Set 1), 6 - 4, +580, 6 - 3, +630, 6 - 2, +925, 7 - 6, +1000, 7 - 5, +1350, 6 - 1, +1600, 6 - 0, +4900
Betano, Set Markets, Umag, Taro Daniel - Roberto Carballes Baena, Game Spread  (Set 1), Taro Daniel-1.5, +120, Roberto Carballes Baena+1.5, -161
Betano, Set Markets, Umag, Taro Daniel - Roberto Carballes Baena, Set Score (Set 2), 6 - 4, +580, 6 - 3, +640, 6 - 2, +925, 7 - 6, +1000, 7 - 5, +1350, 6 - 1, +1650, 6 - 0, +4900
Betano, Set Markets, Umag, Taro Daniel - Roberto Carballes Baena, 1st Set Correct Score (Multiple), 6-0, 6-1 or 6-2, +540, 6-3 or 6-4, +280, 7-5 or 7-6, +580, 0-6, 1-6 or 2-6, +490, 3-6 or 4-6, +265, 5-7 or 6-7, +570
Betano, Set Markets, Umag, Taro Daniel - Roberto Carballes Baena, Taro Daniel Win a Set, Yes, -270, No, +200
Betano, Set Markets, Umag, Taro Daniel - Roberto Carballes Baena, Set Score (Set 2), 4 - 6, +550, 3 - 6, +610, 2 - 6, +850, 6 - 7, +1000, 5 - 7, +1300, 1 - 6, +1500, 0 - 6, +4400
Betano, Set Markets, Umag, Taro Daniel - Roberto Carballes Baena, Roberto Carballes Baena Win a Set, Yes, -303, No, +225
Betano, Set Markets, Umag, Taro Daniel - Roberto Carballes Baena, Roberto Carballes Baena Win 2 Sets, Yes, -118, No, -105
Betano, Set Markets, Umag, Taro Daniel - Roberto Carballes Baena, Taro Daniel Win 2 Sets, Yes, -105, No, -118
Betano, Set Markets, Umag, Taro Daniel - Roberto Carballes Baena, Both Players to Win a Set, Yes, +120, No, -161
Betano, Set Markets, Umag, Marc-Andrea Huesler - Federico Coria, Set Winner (Set 1), Marc-Andrea Huesler, +100, Federico Coria, -133
Betano, Set Markets, Umag, Marc-Andrea Huesler - Federico Coria, Set Winner (Set 2), Marc-Andrea Huesler, +100, Federico Coria, -133
Betano, Set Markets, Umag, Taro Daniel - Roberto Carballes Baena, Set to end 6:0 or 0:6, Yes, +775, No, -2000
Betano, Set Markets, Umag, Marc-Andrea Huesler - Federico Coria, Set Betting, 2 - 0, +250, 2 - 1, +335
Betano, Set Markets, Umag, Marc-Andrea Huesler - Federico Coria, Setcast, Federico Coria - Federico Coria, +182, Marc-Andrea Huesler - Marc-Andrea Huesler, +250, Federico Coria - Marc-Andrea Huesler - Federico Coria, +640, Marc-Andrea Huesler - Federico Coria - Federico Coria, +640, Federico Coria - Marc-Andrea Huesler - Marc-Andrea Huesler, +700, Marc-Andrea Huesler - Federico Coria - Marc-Andrea Huesler, +700
Betano, Set Markets, Umag, Marc-Andrea Huesler - Federico Coria, Set Winner & Set Games (Set 1), Marc-Andrea Huesler and Over8.5, +160, Marc-Andrea Huesler and Under8.5, +570, Federico Coria and Over8.5, +137, Federico Coria and Under8.5, +440
Betano, Set Markets, Umag, Marc-Andrea Huesler - Federico Coria, Number of Sets, 2, -161, 3, +120
Betano, Set Markets, Umag, Marc-Andrea Huesler - Federico Coria, Match Handicap (Set), Marc-Andrea Huesler-1.5, +250, Federico Coria+1.5, -345, Marc-Andrea Huesler+1.5, -238, Federico Coria-1.5, +182
Betano, Set Markets, Umag, Marc-Andrea Huesler - Federico Coria, Set Winner & Set Games (Set 1), Marc-Andrea Huesler and Over9.5, +255, Marc-Andrea Huesler and Under9.5, +295, Federico Coria and Over9.5, +250, Federico Coria and Under9.5, +210
Betano, Set Markets, Umag, Marc-Andrea Huesler - Federico Coria, Set Winner & Set Games (Set 2), Marc-Andrea Huesler and Over8.5, +160, Marc-Andrea Huesler and Under8.5, +570, Federico Coria and Over8.5, +137, Federico Coria and Under8.5, +440
Betano, Set Markets, Umag, Marc-Andrea Huesler - Federico Coria, Game Spread  (Set 1), Marc-Andrea Huesler-1.5, +130, Federico Coria+1.5, -175
Betano, Set Markets, Umag, Marc-Andrea Huesler - Federico Coria, Set Winner & Set Games (Set 2), Marc-Andrea Huesler and Over9.5, +265, Marc-Andrea Huesler and Under9.5, +285, Federico Coria and Over9.5, +240, Federico Coria and Under9.5, +225
Betano, Set Markets, Umag, Marc-Andrea Huesler - Federico Coria, Game Spread  (Set 1), Marc-Andrea Huesler+1.5, -133, Federico Coria-1.5, +102
Betano, Set Markets, Umag, Marc-Andrea Huesler - Federico Coria, Game Spread  (Set 2), Marc-Andrea Huesler-1.5, +130, Federico Coria+1.5, -175
Betano, Set Markets, Umag, Marc-Andrea Huesler - Federico Coria, Set Total Games (Set 1), Over6.5, -6667, Under6.5, +950, Over7.5, -1000, Under7.5, +470, Over8.5, -312, Under8.5, +210, Over9.5, -115, Under9.5, -120, Over10.5, +235, Under10.5, -357, Over12.5, +400, Under12.5, -714
Betano, Set Markets, Umag, Marc-Andrea Huesler - Federico Coria, Set Total Games (Set 2), Over6.5, -6667, Under6.5, +950, Over7.5, -1000, Under7.5, +480, Over8.5, -312, Under8.5, +210, Over9.5, -118, Under9.5, -118, Over10.5, +235, Under10.5, -357, Over12.5, +400, Under12.5, -714
Betano, Set Markets, Umag, Marc-Andrea Huesler - Federico Coria, Set Games Odd/Even (Set 1), Odd, -105, Even, -133
Betano, Set Markets, Umag, Marc-Andrea Huesler - Federico Coria, Game Spread  (Set 2), Marc-Andrea Huesler+1.5, -133, Federico Coria-1.5, +102
Betano, Set Markets, Umag, Marc-Andrea Huesler - Federico Coria, Set Score (Set 1), 6 - 4, +560, 6 - 3, +725, 6 - 2, +975, 7 - 6, +1025, 7 - 5, +1400, 6 - 1, +1900, 6 - 0, +5400
Betano, Set Markets, Umag, Marc-Andrea Huesler - Federico Coria, Set Games Odd/Even (Set 2), Odd, -102, Even, -139
Betano, Set Markets, Umag, Marc-Andrea Huesler - Federico Coria, Set Score (Set 1), 3 - 6, +530, 4 - 6, +590, 2 - 6, +850, 6 - 7, +975, 1 - 6, +1300, 5 - 7, +1300, 0 - 6, +4400
Betano, Set Markets, Umag, Marc-Andrea Huesler - Federico Coria, 1st Set Correct Score (Multiple), 6-0, 6-1 or 6-2, +590, 6-3 or 6-4, +290, 7-5 or 7-6, +600, 0-6, 1-6 or 2-6, +460, 3-6 or 4-6, +250, 5-7 or 6-7, +550
Betano, Set Markets, Umag, Marc-Andrea Huesler - Federico Coria, Set Betting, 0 - 2, +182, 1 - 2, +305
Betano, Set Markets, Umag, Marc-Andrea Huesler - Federico Coria, Set Score (Set 2), 4 - 6, +540, 3 - 6, +580, 2 - 6, +825, 6 - 7, +975, 5 - 7, +1300, 1 - 6, +1400, 0 - 6, +4400
Betano, Set Markets, Umag, Marc-Andrea Huesler - Federico Coria, Federico Coria Win 2 Sets, Yes, -133, No, +107
Betano, Set Markets, Umag, Marc-Andrea Huesler - Federico Coria, Set Score (Set 2), 6 - 4, +590, 6 - 3, +670, 6 - 2, +1000, 7 - 6, +1025, 7 - 5, +1400, 6 - 1, +1800, 6 - 0, +5400
Betano, Set Markets, Umag, Marc-Andrea Huesler - Federico Coria, Federico Coria Win a Set, Yes, -345, No, +250
Betano, Set Markets, Umag, Marc-Andrea Huesler - Federico Coria, Marc-Andrea Huesler Win a Set, Yes, -238, No, +182
Betano, Set Markets, Umag, Marc-Andrea Huesler - Federico Coria, Marc-Andrea Huesler Win 2 Sets, Yes, +107, No, -133
Betano, Set Markets, Umag, Stan Wawrinka - Filip Misolic, Set Winner (Set 1), Stan Wawrinka, -200, Filip Misolic, +147
Betano, Set Markets, Umag, Marc-Andrea Huesler - Federico Coria, Set to end 6:0 or 0:6, Yes, +775, No, -2000
Betano, Set Markets, Umag, Marc-Andrea Huesler - Federico Coria, Both Players to Win a Set, Yes, +120, No, -161
Betano, Set Markets, Umag, Stan Wawrinka - Filip Misolic, Set Betting, 0 - 2, +410, 1 - 2, +420
Betano, Set Markets, Umag, Stan Wawrinka - Filip Misolic, Set Winner (Set 2), Stan Wawrinka, -200, Filip Misolic, +147
Betano, Set Markets, Umag, Stan Wawrinka - Filip Misolic, Setcast, Stan Wawrinka - Stan Wawrinka, +115, Filip Misolic - Filip Misolic, +410, Filip Misolic - Stan Wawrinka - Stan Wawrinka, +590, Stan Wawrinka - Filip Misolic - Stan Wawrinka, +590, Filip Misolic - Stan Wawrinka - Filip Misolic, +850, Stan Wawrinka - Filip Misolic - Filip Misolic, +850
Betano, Set Markets, Umag, Stan Wawrinka - Filip Misolic, Match Handicap (Set), Stan Wawrinka-1.5, +115, Filip Misolic+1.5, -154, Stan Wawrinka+1.5, -588, Filip Misolic-1.5, +410
Betano, Set Markets, Umag, Stan Wawrinka - Filip Misolic, Set Winner & Set Games (Set 1), Stan Wawrinka and Over9.5, +192, Stan Wawrinka and Under9.5, +172, Filip Misolic and Over9.5, +300, Filip Misolic and Under9.5, +450
Betano, Set Markets, Umag, Stan Wawrinka - Filip Misolic, Set Betting, 2 - 0, +115, 2 - 1, +275
Betano, Set Markets, Umag, Stan Wawrinka - Filip Misolic, Set Winner & Set Games (Set 1), Stan Wawrinka and Over10.5, +440, Stan Wawrinka and Under10.5, -108, Filip Misolic and Over10.5, +600, Filip Misolic and Under10.5, +240
Betano, Set Markets, Umag, Stan Wawrinka - Filip Misolic, Set Winner & Set Games (Set 2), Stan Wawrinka and Over10.5, +440, Stan Wawrinka and Under10.5, -108, Filip Misolic and Over10.5, +600, Filip Misolic and Under10.5, +240
Betano, Set Markets, Umag, Stan Wawrinka - Filip Misolic, Set Winner & Set Games (Set 2), Stan Wawrinka and Over9.5, +185, Stan Wawrinka and Under9.5, +180, Filip Misolic and Over9.5, +305, Filip Misolic and Under9.5, +440
Betano, Set Markets, Umag, Stan Wawrinka - Filip Misolic, Game Spread  (Set 1), Stan Wawrinka-1.5, -133, Filip Misolic+1.5, +102
Betano, Set Markets, Umag, Stan Wawrinka - Filip Misolic, Set Total Games (Set 1), Over6.5, -10000, Under6.5, +1000, Over7.5, -1111, Under7.5, +530, Over8.5, -370, Under8.5, +240, Over9.5, -125, Under9.5, -110, Over10.5, +215, Under10.5, -323, Over12.5, +345, Under12.5, -588
Betano, Set Markets, Umag, Stan Wawrinka - Filip Misolic, Number of Sets, 2, -175, 3, +130
Betano, Set Markets, Umag, Stan Wawrinka - Filip Misolic, Set Total Games (Set 2), Over6.5, -10000, Under6.5, +1000, Over7.5, -1250, Under7.5, +540, Over8.5, -370, Under8.5, +240, Over9.5, -128, Under9.5, -108, Over10.5, +215, Under10.5, -323, Over12.5, +345, Under12.5, -588
Betano, Set Markets, Umag, Stan Wawrinka - Filip Misolic, Set Games Odd/Even (Set 2), Odd, -110, Even, -128
Betano, Set Markets, Umag, Stan Wawrinka - Filip Misolic, Game Spread  (Set 2), Stan Wawrinka-2.5, +177, Filip Misolic+2.5, -238
Betano, Set Markets, Umag, Stan Wawrinka - Filip Misolic, Set Score (Set 1), 4 - 6, +700, 3 - 6, +825, 6 - 7, +950, 2 - 6, +1650, 5 - 7, +1800, 1 - 6, +3100, 0 - 6, +10900
Betano, Set Markets, Umag, Stan Wawrinka - Filip Misolic, Set Score (Set 1), 6 - 4, +450, 6 - 3, +450, 6 - 2, +690, 7 - 6, +750, 6 - 1, +1200, 7 - 5, +1250, 6 - 0, +4400
Betano, Set Markets, Umag, Stan Wawrinka - Filip Misolic, Game Spread  (Set 1), Stan Wawrinka-2.5, +170, Filip Misolic+2.5, -238
Betano, Set Markets, Umag, Stan Wawrinka - Filip Misolic, Set Score (Set 2), 4 - 6, +725, 3 - 6, +825, 6 - 7, +950, 2 - 6, +1650, 5 - 7, +1800, 1 - 6, +3100, 0 - 6, +10900
Betano, Set Markets, Umag, Stan Wawrinka - Filip Misolic, 1st Set Correct Score (Multiple), 6-0, 6-1 or 6-2, +390, 6-3 or 6-4, +195, 7-5 or 7-6, +460, 0-6, 1-6 or 2-6, +1075, 3-6 or 4-6, +365, 5-7 or 6-7, +630
Betano, Set Markets, Umag, Stan Wawrinka - Filip Misolic, Game Spread  (Set 2), Stan Wawrinka-1.5, -133, Filip Misolic+1.5, +102
Betano, Set Markets, Umag, Stan Wawrinka - Filip Misolic, Set Score (Set 2), 6 - 4, +430, 6 - 3, +480, 6 - 2, +670, 7 - 6, +750, 6 - 1, +1250, 7 - 5, +1250, 6 - 0, +4400
Betano, Set Markets, Umag, Stan Wawrinka - Filip Misolic, Filip Misolic Win a Set, Yes, -154, No, +115
Betano, Set Markets, Umag, Stan Wawrinka - Filip Misolic, Set Games Odd/Even (Set 1), Odd, -114, Even, -125
Betano, Set Markets, Umag, Stan Wawrinka - Filip Misolic, Stan Wawrinka Win 2 Sets, Yes, -222, No, +177
Betano, Set Markets, Umag, Stan Wawrinka - Filip Misolic, Both Players to Win a Set, Yes, +130, No, -175
Betano, Set Markets, Umag, Stan Wawrinka - Filip Misolic, Stan Wawrinka Win a Set, Yes, -588, No, +410
Betano, Set Markets, Umag, Stan Wawrinka - Filip Misolic, Filip Misolic Win 2 Sets, Yes, +177, No, -222
Betano, Set Markets, Umag, Sebastian Ofner - Alexei Popyrin, Set Winner (Set 1), Sebastian Ofner, -161, Alexei Popyrin, +120
Betano, Set Markets, Umag, Sebastian Ofner - Alexei Popyrin, Set Winner (Set 2), Sebastian Ofner, -161, Alexei Popyrin, +120
Betano, Set Markets, Umag, Sebastian Ofner - Alexei Popyrin, Set Betting, 0 - 2, +325, 1 - 2, +370
Betano, Set Markets, Umag, Stan Wawrinka - Filip Misolic, Set to end 6:0 or 0:6, Yes, +900, No, -3333
Betano, Set Markets, Umag, Sebastian Ofner - Alexei Popyrin, Setcast, Sebastian Ofner - Sebastian Ofner, +145, Alexei Popyrin - Alexei Popyrin, +325, Alexei Popyrin - Sebastian Ofner - Sebastian Ofner, +600, Sebastian Ofner - Alexei Popyrin - Sebastian Ofner, +600, Alexei Popyrin - Sebastian Ofner - Alexei Popyrin, +775, Sebastian Ofner - Alexei Popyrin - Alexei Popyrin, +775
Betano, Set Markets, Umag, Sebastian Ofner - Alexei Popyrin, Set Betting, 2 - 0, +145, 2 - 1, +280
Betano, Set Markets, Umag, Sebastian Ofner - Alexei Popyrin, Match Handicap (Set), Sebastian Ofner-1.5, +145, Alexei Popyrin+1.5, -192, Sebastian Ofner+1.5, -455, Alexei Popyrin-1.5, +325
Betano, Set Markets, Umag, Sebastian Ofner - Alexei Popyrin, Set Winner & Set Games (Set 1), Sebastian Ofner and Over10.5, +420, Sebastian Ofner and Under10.5, +115, Alexei Popyrin and Over10.5, +510, Alexei Popyrin and Under10.5, +210
Betano, Set Markets, Umag, Sebastian Ofner - Alexei Popyrin, Set Winner & Set Games (Set 2), Sebastian Ofner and Over10.5, +420, Sebastian Ofner and Under10.5, +115, Alexei Popyrin and Over10.5, +510, Alexei Popyrin and Under10.5, +210
Betano, Set Markets, Umag, Sebastian Ofner - Alexei Popyrin, Set Winner & Set Games (Set 2), Sebastian Ofner and Over9.5, +182, Sebastian Ofner and Under9.5, +230, Alexei Popyrin and Over9.5, +255, Alexei Popyrin and Under9.5, +400
Betano, Set Markets, Umag, Sebastian Ofner - Alexei Popyrin, Set Winner & Set Games (Set 1), Sebastian Ofner and Over9.5, +187, Sebastian Ofner and Under9.5, +220, Alexei Popyrin and Over9.5, +255, Alexei Popyrin and Under9.5, +400
Betano, Set Markets, Umag, Sebastian Ofner - Alexei Popyrin, Game Spread  (Set 1), Sebastian Ofner+1.5, -238, Alexei Popyrin-1.5, +175
Betano, Set Markets, Umag, Sebastian Ofner - Alexei Popyrin, Number of Sets, 2, -161, 3, +120
Betano, Set Markets, Umag, Sebastian Ofner - Alexei Popyrin, Game Spread  (Set 1), Sebastian Ofner-1.5, -105, Alexei Popyrin+1.5, -125
Betano, Set Markets, Umag, Sebastian Ofner - Alexei Popyrin, Set Games Odd/Even (Set 1), Odd, -120, Even, -118
Betano, Set Markets, Umag, Sebastian Ofner - Alexei Popyrin, Game Spread  (Set 2), Sebastian Ofner-1.5, -105, Alexei Popyrin+1.5, -125
Betano, Set Markets, Umag, Sebastian Ofner - Alexei Popyrin, Set Total Games (Set 1), Over7.5, -1667, Under7.5, +620, Over8.5, -476, Under8.5, +290, Over9.5, -143, Under9.5, +105, Over10.5, +192, Under10.5, -286, Over12.5, +295, Under12.5, -476
Betano, Set Markets, Umag, Sebastian Ofner - Alexei Popyrin, Set Games Odd/Even (Set 2), Odd, -115, Even, -122
Betano, Set Markets, Umag, Sebastian Ofner - Alexei Popyrin, Set Total Games (Set 2), Over7.5, -1667, Under7.5, +630, Over8.5, -476, Under8.5, +290, Over9.5, -154, Under9.5, +110, Over10.5, +192, Under10.5, -286, Over12.5, +295, Under12.5, -476
Betano, Set Markets, Umag, Sebastian Ofner - Alexei Popyrin, Set Score (Set 1), 6 - 4, +460, 6 - 3, +490, 7 - 6, +660, 6 - 2, +875, 7 - 5, +1300, 6 - 1, +1600, 6 - 0, +6400
Betano, Set Markets, Umag, Sebastian Ofner - Alexei Popyrin, Set Score (Set 1), 4 - 6, +620, 3 - 6, +725, 6 - 7, +775, 2 - 6, +1550, 5 - 7, +1650, 1 - 6, +2900, 0 - 6, +10900
Betano, Set Markets, Umag, Sebastian Ofner - Alexei Popyrin, Set Score (Set 2), 4 - 6, +620, 3 - 6, +725, 6 - 7, +775, 2 - 6, +1500, 5 - 7, +1650, 1 - 6, +2900, 0 - 6, +10900
Betano, Set Markets, Umag, Sebastian Ofner - Alexei Popyrin, Set Score (Set 2), 6 - 4, +440, 6 - 3, +520, 7 - 6, +660, 6 - 2, +850, 7 - 5, +1300, 6 - 1, +1700, 6 - 0, +6400
Betano, Set Markets, Umag, Sebastian Ofner - Alexei Popyrin, 1st Set Correct Score (Multiple), 6-0, 6-1 or 6-2, +530, 6-3 or 6-4, +205, 7-5 or 7-6, +430, 0-6, 1-6 or 2-6, +1025, 3-6 or 4-6, +315, 5-7 or 6-7, +530
Betano, Set Markets, Umag, Sebastian Ofner - Alexei Popyrin, Alexei Popyrin Win a Set, Yes, -192, No, +145
Betano, Set Markets, Umag, Sebastian Ofner - Alexei Popyrin, Game Spread  (Set 2), Sebastian Ofner+1.5, -238, Alexei Popyrin-1.5, +175
Betano, Set Markets, Umag, Sebastian Ofner - Alexei Popyrin, Sebastian Ofner Win 2 Sets, Yes, -175, No, +140
Betano, Set Markets, Umag, Sebastian Ofner - Alexei Popyrin, Sebastian Ofner Win a Set, Yes, -455, No, +325
Betano, Set Markets, Umag, Sebastian Ofner - Alexei Popyrin, Set to end 6:0 or 0:6, Yes, +1025, No, -5000
Betano, Set Markets, Umag, Sebastian Ofner - Alexei Popyrin, Alexei Popyrin Win 2 Sets, Yes, +140, No, -175
Betano, Set Markets, Umag, Dino Prizmic - Zsombor Piros, Set Winner (Set 1), Dino Prizmic, -105, Zsombor Piros, -125
Betano, Set Markets, Umag, Dino Prizmic - Zsombor Piros, Set Winner (Set 2), Dino Prizmic, -105, Zsombor Piros, -125
Betano, Set Markets, Umag, Dino Prizmic - Zsombor Piros, Setcast, Zsombor Piros - Zsombor Piros, +192, Dino Prizmic - Dino Prizmic, +235, Zsombor Piros - Dino Prizmic - Zsombor Piros, +650, Dino Prizmic - Zsombor Piros - Zsombor Piros, +650, Zsombor Piros - Dino Prizmic - Dino Prizmic, +690, Dino Prizmic - Zsombor Piros - Dino Prizmic, +690
Betano, Set Markets, Umag, Dino Prizmic - Zsombor Piros, Set Betting, 2 - 0, +235, 2 - 1, +330
Betano, Set Markets, Umag, Sebastian Ofner - Alexei Popyrin, Both Players to Win a Set, Yes, +120, No, -161
Betano, Set Markets, Umag, Flavio Cobolli - Matteo Arnaldi, Set Winner (Set 1), Flavio Cobolli, +137, Matteo Arnaldi, -182
Betano, Set Markets, Umag, Flavio Cobolli - Matteo Arnaldi, Set Winner (Set 2), Flavio Cobolli, +137, Matteo Arnaldi, -182
Betano, Set Markets, Umag, Flavio Cobolli - Matteo Arnaldi, Set Betting, 2 - 0, +375, 2 - 1, +400
Betano, Set Markets, Umag, Jiri Lehecka - Dominic Thiem, Set Winner (Set 1), Jiri Lehecka, -139, Dominic Thiem, +105
Betano, Set Markets, Umag, Flavio Cobolli - Matteo Arnaldi, Set Betting, 0 - 2, +125, 1 - 2, +280
Betano, Set Markets, Umag, Flavio Cobolli - Matteo Arnaldi, Setcast, Matteo Arnaldi - Matteo Arnaldi, +125, Flavio Cobolli - Flavio Cobolli, +375, Matteo Arnaldi - Flavio Cobolli - Matteo Arnaldi, +600, Flavio Cobolli - Matteo Arnaldi - Matteo Arnaldi, +600, Matteo Arnaldi - Flavio Cobolli - Flavio Cobolli, +825, Flavio Cobolli - Matteo Arnaldi - Flavio Cobolli, +825
Betano, Set Markets, Umag, Jiri Lehecka - Dominic Thiem, Set Betting, 0 - 2, +260, 1 - 2, +340
Betano, Set Markets, Umag, Jiri Lehecka - Dominic Thiem, Set Winner (Set 2), Jiri Lehecka, -139, Dominic Thiem, +105
Betano, Set Markets, Umag, Jiri Lehecka - Dominic Thiem, Setcast, Jiri Lehecka - Jiri Lehecka, +175, Dominic Thiem - Dominic Thiem, +260, Dominic Thiem - Jiri Lehecka - Jiri Lehecka, +630, Jiri Lehecka - Dominic Thiem - Jiri Lehecka, +630, Dominic Thiem - Jiri Lehecka - Dominic Thiem, +700, Jiri Lehecka - Dominic Thiem - Dominic Thiem, +700
Betano, Set Markets, Umag, Jiri Lehecka - Dominic Thiem, Number of Sets, 2, -154, 3, +115
Betano, Set Markets, Umag, Jiri Lehecka - Dominic Thiem, Set Betting, 2 - 0, +175, 2 - 1, +295
Betano, Set Markets, Umag, Jiri Lehecka - Dominic Thiem, Match Handicap (Set), Jiri Lehecka-1.5, +175, Dominic Thiem+1.5, -238, Jiri Lehecka+1.5, -357, Dominic Thiem-1.5, +260
Betano, Set Markets, Umag, Jiri Lehecka - Dominic Thiem, Set Winner & Set Games (Set 1), Jiri Lehecka and Over9.5, +245, Jiri Lehecka and Under9.5, +205, Dominic Thiem and Over9.5, +225, Dominic Thiem and Under9.5, +360
Betano, Set Markets, Umag, Jiri Lehecka - Dominic Thiem, Set Winner & Set Games (Set 1), Jiri Lehecka and Over10.5, +480, Jiri Lehecka and Under10.5, +127, Dominic Thiem and Over10.5, +530, Dominic Thiem and Under10.5, +172
Betano, Set Markets, Umag, Jiri Lehecka - Dominic Thiem, Set Winner & Set Games (Set 2), Jiri Lehecka and Over10.5, +480, Jiri Lehecka and Under10.5, +127, Dominic Thiem and Over10.5, +530, Dominic Thiem and Under10.5, +172
Betano, Set Markets, Umag, Jiri Lehecka - Dominic Thiem, Set Winner & Set Games (Set 2), Jiri Lehecka and Over9.5, +215, Jiri Lehecka and Under9.5, +235, Dominic Thiem and Over9.5, +250, Dominic Thiem and Under9.5, +320
Betano, Set Markets, Umag, Jiri Lehecka - Dominic Thiem, Game Spread  (Set 1), Jiri Lehecka-1.5, +105, Dominic Thiem+1.5, -139
Betano, Set Markets, Umag, Dino Prizmic - Zsombor Piros, Set Betting, 0 - 2, +192, 1 - 2, +305
Betano, Set Markets, Umag, Jiri Lehecka - Dominic Thiem, Game Spread  (Set 1), Jiri Lehecka+1.5, -189, Dominic Thiem-1.5, +142
Betano, Set Markets, Umag, Jiri Lehecka - Dominic Thiem, Set Total Games (Set 2), Over6.5, -10000, Under6.5, +1025, Over7.5, -1250, Under7.5, +560, Over8.5, -385, Under8.5, +250, Over9.5, -133, Under9.5, -105, Over10.5, +215, Under10.5, -323, Over12.5, +345, Under12.5, -588
Betano, Set Markets, Umag, Jiri Lehecka - Dominic Thiem, Set Total Games (Set 1), Over6.5, -10000, Under6.5, +1025, Over7.5, -1250, Under7.5, +540, Over8.5, -385, Under8.5, +250, Over9.5, -128, Under9.5, -108, Over10.5, +215, Under10.5, -323, Over12.5, +345, Under12.5, -588
Betano, Set Markets, Umag, Jiri Lehecka - Dominic Thiem, Set Games Odd/Even (Set 1), Odd, -114, Even, -125
Betano, Set Markets, Umag, Jiri Lehecka - Dominic Thiem, Game Spread  (Set 2), Jiri Lehecka-1.5, +105, Dominic Thiem+1.5, -139
Betano, Set Markets, Umag, Jiri Lehecka - Dominic Thiem, Set Score (Set 1), 4 - 6, +490, 3 - 6, +825, 6 - 7, +875, 2 - 6, +1050, 5 - 7, +1500, 1 - 6, +2600, 0 - 6, +7400
Betano, Set Markets, Umag, Jiri Lehecka - Dominic Thiem, Game Spread  (Set 2), Jiri Lehecka+1.5, -189, Dominic Thiem-1.5, +142
Betano, Set Markets, Umag, Jiri Lehecka - Dominic Thiem, Set Score (Set 1), 6 - 3, +450, 6 - 4, +630, 7 - 6, +800, 6 - 2, +975, 6 - 1, +1300, 7 - 5, +1350, 6 - 0, +5400
Betano, Set Markets, Umag, Jiri Lehecka - Dominic Thiem, Set Score (Set 2), 4 - 6, +580, 3 - 6, +670, 6 - 7, +875, 2 - 6, +1150, 5 - 7, +1500, 1 - 6, +2200, 0 - 6, +7400
Betano, Set Markets, Umag, Jiri Lehecka - Dominic Thiem, 1st Set Correct Score (Multiple), 6-0, 6-1 or 6-2, +520, 6-3 or 6-4, +235, 7-5 or 7-6, +500, 0-6, 1-6 or 2-6, +725, 3-6 or 4-6, +285, 5-7 or 6-7, +550
Betano, Set Markets, Umag, Jiri Lehecka - Dominic Thiem, Set Score (Set 2), 6 - 4, +500, 6 - 3, +560, 7 - 6, +800, 6 - 2, +875, 7 - 5, +1350, 6 - 1, +1600, 6 - 0, +5400
Betano, Set Markets, Umag, Jiri Lehecka - Dominic Thiem, Jiri Lehecka Win a Set, Yes, -357, No, +260
Betano, Set Markets, Umag, Jiri Lehecka - Dominic Thiem, Jiri Lehecka Win 2 Sets, Yes, -139, No, +112
Betano, Set Markets, Umag, Jiri Lehecka - Dominic Thiem, Set to end 6:0 or 0:6, Yes, +900, No, -3333
Betano, Set Markets, Umag, Jiri Lehecka - Dominic Thiem, Set Games Odd/Even (Set 2), Odd, -110, Even, -128
Betano, Set Markets, Umag, Jiri Lehecka - Dominic Thiem, Dominic Thiem Win a Set, Yes, -238, No, +175
Betano, Set Markets, Umag, Jiri Lehecka - Dominic Thiem, Dominic Thiem Win 2 Sets, Yes, +112, No, -139
Betano, Set Markets, Umag, Jiri Lehecka - Dominic Thiem, Both Players to Win a Set, Yes, +115, No, -154
Betano, Set Markets, Hamburg - Doubles, Lucas Miedler / Alexander Erler - Andreas Mies / Fabrice Martin, Set Winner (Set 1), Lucas Miedler / Alexander Erler, -115, Andreas Mies / Fabrice Martin, -115
Betano, Set Markets, Hamburg - Doubles, Tomas Martin Etcheverry / Francisco Cerundolo - Ivan Dodig / Mate Pavic, Set Winner (Set 1), Tomas Martin Etcheverry / Francisco Cerundolo, +420, Ivan Dodig / Mate Pavic, -714
Betano, Set Markets, Hamburg - Doubles, Lucas Miedler / Alexander Erler - Andreas Mies / Fabrice Martin, Set Winner (Set 2), Lucas Miedler / Alexander Erler, -115, Andreas Mies / Fabrice Martin, -115
Betano, Set Markets, Hamburg - Doubles, Tomas Martin Etcheverry / Francisco Cerundolo - Ivan Dodig / Mate Pavic, Set Winner (Set 2), Tomas Martin Etcheverry / Francisco Cerundolo, +420, Ivan Dodig / Mate Pavic, -714
Betano, Set Markets, Hamburg - Doubles, Tomas Martin Etcheverry / Francisco Cerundolo - Ivan Dodig / Mate Pavic, Set Betting, 2 - 1, +900, 2 - 0, +1900
Betano, Set Markets, Hamburg - Doubles, Tomas Martin Etcheverry / Francisco Cerundolo - Ivan Dodig / Mate Pavic, Set Betting, 0 - 2, -345, 1 - 2, +375
Betano, Set Markets, Hamburg - Doubles, Robin Haase / Nikola Mektic - Joran Vliegen / Sander Gille, Set Winner (Set 1), Robin Haase / Nikola Mektic, -128, Joran Vliegen / Sander Gille, -105
Betano, Set Markets, Hamburg - Doubles, Robin Haase / Nikola Mektic - Joran Vliegen / Sander Gille, Set Winner (Set 2), Robin Haase / Nikola Mektic, -128, Joran Vliegen / Sander Gille, -105
Betano, Set Markets, Hamburg - Doubles, Lucas Miedler / Alexander Erler - Andreas Mies / Fabrice Martin, Set Betting, 2 - 0, +215, 2 - 1, +300
Betano, Set Markets, Hamburg - Doubles, Robin Haase / Nikola Mektic - Joran Vliegen / Sander Gille, Set Betting, 2 - 0, +190, 2 - 1, +290
Betano, Set Markets, Hamburg - Doubles, Lucas Miedler / Alexander Erler - Andreas Mies / Fabrice Martin, Set Betting, 0 - 2, +215, 1 - 2, +295
Betano, Set Markets, Hamburg - Doubles, Kevin Krawietz / Tim Puetz - Matwe Middelkoop / Juan Sebastian Cabal, Set Winner (Set 1), Kevin Krawietz / Tim Puetz, -167, Matwe Middelkoop / Juan Sebastian Cabal, +127
Betano, Set Markets, Hamburg - Doubles, Kevin Krawietz / Tim Puetz - Matwe Middelkoop / Juan Sebastian Cabal, Set Betting, 2 - 0, +135, 2 - 1, +275
Betano, Set Markets, Hamburg - Doubles, Kevin Krawietz / Tim Puetz - Matwe Middelkoop / Juan Sebastian Cabal, Set Winner (Set 2), Kevin Krawietz / Tim Puetz, -167, Matwe Middelkoop / Juan Sebastian Cabal, +127
Betano, Set Markets, Hamburg - Doubles, Kevin Krawietz / Tim Puetz - Matwe Middelkoop / Juan Sebastian Cabal, Set Betting, 0 - 2, +345, 1 - 2, +345
Betano, Set Markets, Hamburg - Doubles, Robin Haase / Nikola Mektic - Joran Vliegen / Sander Gille, Set Betting, 0 - 2, +240, 1 - 2, +310
Betano, Set Markets, Umag - Doubles, N.Sriram Balaji / Jeevan Nedunchezhiyan - Fabien Reboul / Sadio Doumbia, Set Winner (Set 2), N.Sriram Balaji / Jeevan Nedunchezhiyan, +210, Fabien Reboul / Sadio Doumbia, -294
Betano, Set Markets, Umag - Doubles, N.Sriram Balaji / Jeevan Nedunchezhiyan - Fabien Reboul / Sadio Doumbia, Set Winner (Set 1), N.Sriram Balaji / Jeevan Nedunchezhiyan, +210, Fabien Reboul / Sadio Doumbia, -294
Betano, Set Markets, Umag - Doubles, Rafael Matos / Francisco Cabral - Albano Olivetti / David Vega Hernandez, Set Winner (Set 2), Rafael Matos / Francisco Cabral, -189, Albano Olivetti / David Vega Hernandez, +140
Betano, Set Markets, Umag - Doubles, N.Sriram Balaji / Jeevan Nedunchezhiyan - Fabien Reboul / Sadio Doumbia, Set Betting, 0 - 2, -133, 1 - 2, +285
Betano, Set Markets, Umag - Doubles, Rafael Matos / Francisco Cabral - Albano Olivetti / David Vega Hernandez, Set Winner (Set 1), Rafael Matos / Francisco Cabral, -189, Albano Olivetti / David Vega Hernandez, +140
Betano, Set Markets, Umag - Doubles, Rafael Matos / Francisco Cabral - Albano Olivetti / David Vega Hernandez, Set Betting, 2 - 0, +122, 2 - 1, +275
Betano, Set Markets, Umag - Doubles, Gonzalo Escobar / Aleksandr Nedovyesov - Ariel Behar / Adam Pavlasek, Set Winner (Set 2), Gonzalo Escobar / Aleksandr Nedovyesov, -115, Ariel Behar / Adam Pavlasek, -115
Betano, Set Markets, Umag - Doubles, N.Sriram Balaji / Jeevan Nedunchezhiyan - Fabien Reboul / Sadio Doumbia, Set Betting, 2 - 1, +470, 2 - 0, +660
Betano, Set Markets, Umag - Doubles, Gonzalo Escobar / Aleksandr Nedovyesov - Ariel Behar / Adam Pavlasek, Set Winner (Set 1), Gonzalo Escobar / Aleksandr Nedovyesov, -115, Ariel Behar / Adam Pavlasek, -115
Betano, Set Markets, Umag - Doubles, David Pel / Sander Arends - Marcelo Demoliner / Philipp Oswald, Set Winner (Set 1), David Pel / Sander Arends, +112, Marcelo Demoliner / Philipp Oswald, -143
Betano, Set Markets, Umag - Doubles, Gonzalo Escobar / Aleksandr Nedovyesov - Ariel Behar / Adam Pavlasek, Set Betting, 2 - 0, +215, 2 - 1, +300
Betano, Set Markets, Umag - Doubles, Rafael Matos / Francisco Cabral - Albano Olivetti / David Vega Hernandez, Set Betting, 1 - 2, +360, 0 - 2, +380
Betano, Set Markets, Umag - Doubles, David Pel / Sander Arends - Marcelo Demoliner / Philipp Oswald, Set Winner (Set 2), David Pel / Sander Arends, +112, Marcelo Demoliner / Philipp Oswald, -143
Betano, Set Markets, Umag - Doubles, Gonzalo Escobar / Aleksandr Nedovyesov - Ariel Behar / Adam Pavlasek, Set Betting, 0 - 2, +215, 1 - 2, +295
Betano, Set Markets, Umag - Doubles, Blaz Rola / Nino Serdarusic - Marco Bortolotti / Sem Verbeek, Set Winner (Set 1), Blaz Rola / Nino Serdarusic, -111, Marco Bortolotti / Sem Verbeek, -118
Betano, Set Markets, Umag - Doubles, David Pel / Sander Arends - Marcelo Demoliner / Philipp Oswald, Set Betting, 0 - 2, +157, 1 - 2, +280
Betano, Set Markets, Umag - Doubles, David Pel / Sander Arends - Marcelo Demoliner / Philipp Oswald, Set Betting, 2 - 0, +290, 2 - 1, +325
Betano, Set Markets, Umag - Doubles, Blaz Rola / Nino Serdarusic - Marco Bortolotti / Sem Verbeek, Set Betting, 0 - 2, +205, 1 - 2, +295
Betano, Set Markets, Umag - Doubles, Blaz Rola / Nino Serdarusic - Marco Bortolotti / Sem Verbeek, Set Winner (Set 2), Blaz Rola / Nino Serdarusic, -111, Marco Bortolotti / Sem Verbeek, -118
Betano, Set Markets, Umag - Doubles, Simone Bolelli / Andrea Vavassori - Jiri Lehecka / Roman Jebavy, Set Winner (Set 2), Simone Bolelli / Andrea Vavassori, -286, Jiri Lehecka / Roman Jebavy, +205
Betano, Set Markets, Umag - Doubles, Simone Bolelli / Andrea Vavassori - Jiri Lehecka / Roman Jebavy, Set Betting, 1 - 2, +460, 0 - 2, +640
Betano, Set Markets, Umag - Doubles, Simone Bolelli / Andrea Vavassori - Jiri Lehecka / Roman Jebavy, Set Winner (Set 1), Simone Bolelli / Andrea Vavassori, -286, Jiri Lehecka / Roman Jebavy, +205
Betano, Set Markets, Umag - Doubles, Simone Bolelli / Andrea Vavassori - Jiri Lehecka / Roman Jebavy, Set Betting, 2 - 0, -133, 2 - 1, +285
Betano, Set Markets, Umag - Doubles, Blaz Rola / Nino Serdarusic - Marco Bortolotti / Sem Verbeek, Set Betting, 2 - 0, +220, 2 - 1, +300
